Lugar_ID,Ciudad,GobAdmin_2,GobAdmin_1,Nacion,Longitud,Latitud
A0,NA,NA,NA,1,14.550072,47.516231
A1,Bruck an der Leitha,Bruck an der Leitha,Niederosterreich,1,16.77534,48.02375
A2,Krems,Krems an der Donau Land,Niederosterreich,1,15.60384,48.40999
A3,Braunau am Inn,Braunau am Inn,Oberosterreich,1,13.0443,48.2557
A4,Mattighofen,Braunau am Inn,Oberosterreich,1,13.1487,48.1066
A5,Peuerbach,Grieskirchen,Oberosterreich,1,13.7708033,48.3447243
A6,Linz,Linz,Oberosterreich,1,14.28583,48.30694
A7,Salzburg,Salzburg,Salzburg,1,13.05501,47.80949
A8,Schladming,Liezen,Steiermark,1,13.68544,47.394203
A9,Innsbruck,Innsbruck,Tirol,1,11.4041024,47.2692124
A10,NA,NA,Tirol,1,11.601487,47.2537414
A11,Fussach,Bregenz,Vorarlberg,1,9.65997,47.4743
A12,Vienna,Wien,Wien,1,16.3738189,48.2081743
A13,Innsbruck,Innsbruck,Tirol,1,13.4327,48.4605
B0,Brussels,Bruxelles,Bruxelles,2,4.3517103,50.8503396
B1,Antwerp,Antwerpen,Vlaanderen,2,4.4024643,51.2194475
B2,Arnhem,Antwerpen,Vlaanderen,2,4.8279351,51.174422
B3,Machelen,Antwerpen,Vlaanderen,2,4.4350213,50.9125785
B4,Rijmenam,Antwerpen,Vlaanderen,2,4.5902677,51.0037609
B5,Turnhout,Antwerpen,Vlaanderen,2,4.9375577,51.3216509
B6,Aalst,Oost-Vlaanderen,Vlaanderen,2,4.033333,50.933333
B7,Assenede,Oost-Vlaanderen,Vlaanderen,2, 3.75,51.2333
B8,Berlare,Oost-Vlaanderen,Vlaanderen,2,4,51.033333
B9,Deinze,Oost-Vlaanderen,Vlaanderen,2,3.5333,50.9833
B10,Dendermonde,Oost-Vlaanderen,Vlaanderen,2,4.1167,51.0333
B11,Eeklo,Oost-Vlaanderen,Vlaanderen,2,NA,NA
B12,Gavere,Oost-Vlaanderen,Vlaanderen,2,NA,NA
B13,Geraardsbergen,Oost-Vlaanderen,Vlaanderen,2,NA,NA
B14,Ghent,Oost-Vlaanderen,Vlaanderen,2,3.7174243,51.0543422
B15,Kruishoutem,Oost-Vlaanderen,Vlaanderen,2,NA,NA
B16,Laarne,Oost-Vlaanderen,Vlaanderen,2,NA,NA
B17,Nazareth,Oost-Vlaanderen,Vlaanderen,2,NA,NA
B18,Nevele,Oost-Vlaanderen,Vlaanderen,2,NA,NA
B19,Ninove,Oost-Vlaanderen,Vlaanderen,2,NA,NA
B20,Oudenaarde,Oost-Vlaanderen,Vlaanderen,2,3.601368,50.846955
B21,Ronse,Oost-Vlaanderen,Vlaanderen,2,NA,NA
B22,Sint-Niklaas,Oost-Vlaanderen,Vlaanderen,2,NA,NA
B23,Wortegem-Petegem,Oost-Vlaanderen,Vlaanderen,2,NA,NA
B24,Zulte,Oost-Vlaanderen,Vlaanderen,2,NA,NA
B25,Leuven,Vlaams Brabant,Vlaanderen,2,4.7,50.883333
B26,Liedekerke,Vlaams Brabant,Vlaanderen,2,NA,NA
B27,Bruges,West-Vlaanderen,Vlaanderen,2,NA,NA
B28,Dentergem,West-Vlaanderen,Vlaanderen,2,NA,NA
B29,Diksmuide,West-Vlaanderen,Vlaanderen,2,NA,NA
B30,Herelbeke,West-Vlaanderen,Vlaanderen,2,NA,NA
B31,Heuvelland,West-Vlaanderen,Vlaanderen,2,NA,NA
B32,Ingelmunster,West-Vlaanderen,Vlaanderen,2,NA,NA
B33,Kortemark,West-Vlaanderen,Vlaanderen,2,NA,NA
B34,Kortrijk,West-Vlaanderen,Vlaanderen,2,NA,NA
B35,Menen,West-Vlaanderen,Vlaanderen,2,3.121759,50.799316
B36,Mesen,West-Vlaanderen,Vlaanderen,2,2.8976699,50.7638555.
B37,Nieuwpoort,West-Vlaanderen,Vlaanderen,2,NA,NA
B38,Ostend,West-Vlaanderen,Vlaanderen,2,NA,NA
B39,Oudenburg,West-Vlaanderen,Vlaanderen,2,NA,NA
B40,Poperinge,West-Vlaanderen,Vlaanderen,2,NA,NA
B41,Spiere-Helkijn,West-Vlaanderen,Vlaanderen,2,NA,NA
B42,Veurne,West-Vlaanderen,Vlaanderen,2,NA,NA
B43,Ypres,West-Vlaanderen,Vlaanderen,2,NA,NA
B44,Zwevegem,West-Vlaanderen,Vlaanderen,2,NA,NA
B45,Jodoigne,Brabant Wallon,Wallonie,2,4.87115,50.72336
B46,Nivelles,Brabant Wallon,Wallonie,2,4.32851,50.59787
B47,Perwez,Brabant Wallon,Wallonie,2,4.81503,50.624
B48,Villers-la-Ville,Brabant Wallon,Wallonie,2,4.53454,50.5792
B49,Wavre,Brabant Wallon,Wallonie,2,4.61281,50.7159
B50,Charleroi,Hainaut,Wallonie,2,4.44464,50.4108
B51,Chatelet,Hainaut,Wallonie,2,4.52786,50.4061
B52,Fleurus,Hainaut,Wallonie,2,4.5511869,50.4822605
B53,Gerpinnes,Hainaut,Wallonie,2,4.52779,50.3373
B54,Mons,Hainaut,Wallonie,2,3.956659,50.4542408
B55,Pont-a-Celles,Hainaut,Wallonie,2,4.35801,50.5135
B56,Tournai,Hainaut,Wallonie,2,3.3879338,50.6056475
B57,Braives,Liege,Wallonie,2,5.14881,50.6282
B58,Burdinne,Liege,Wallonie,2,5.07643,50.5841
B59,Hannut,Liege,Wallonie,2,5.07776,50.6722
B60,Seraing,Liege,Wallonie,2,5.49963,50.5839
B61,Wasseiges,Liege,Wallonie,2,5.00162,50.6175
B62,Arlon,Luxembourg,Wallonie,2,5.81048,49.6851
B63,Bastogne,Luxembourg,Wallonie,2,5.71528,50.0005
B64,Bouillon,Luxembourg,Wallonie,2,5.07076,49.7947
B65,Chiny,Luxembourg,Wallonie,2,5.34277,49.7405
B66,Durbuy,Luxembourg,Wallonie,2,5.45604,50.3531
B67,Marche-en-Famenne,Luxembourg,Wallonie,2,5.34416,50.2283
B68,Neufchateau,Luxembourg,Wallonie,2,5.43418,49.8418
B69,Saint-Hubert,Luxembourg,Wallonie,2,5.37273,50.026
B70,Virton,Luxembourg,Wallonie,2,5.53351,49.5676
B71,Andenne,Namur,Wallonie,2,5.09645,50.4912
B72,Anhee,Namur,Wallonie,2,4.87829,50.3106
B73,Assesse,Namur,Wallonie,2,5.02227,50.3717
B74,Bioul,Namur,Wallonie,2,4.7961,50.3311
B75,Ciney,Namur,Wallonie,2,5.10083,50.2957
B76,Dinant,Namur,Wallonie,2,4.91275,50.2605
B77,Eghezee,Namur,Wallonie,2,4.90365,50.5926
B78,Fernelmont,Namur,Wallonie,2,4.98333,50.55
B79,Floreffe,Namur,Wallonie,2,4.75922,50.434
B80,Florennes,Namur,Wallonie,2,4.60511,50.2506
B81,Gembloux,Namur,Wallonie,2,4.68843,50.56515
B82,Gesves,Namur,Wallonie,2,5.07555,50.4025
B83,Hamois,Namur,Wallonie,2,5.15685,50.341
B84,Hastiere,Namur,Wallonie,2,4.83333,50.2167
B85,Houyet,Namur,Wallonie,2,5.00997,50.1855
B86,Jemeppe-sur-Sambre,Namur,Wallonie,2,4.67869,50.4631
B87,La Bruyere,Namur,Wallonie,2,4.8,50.5
B88,Mettet,Namur,Wallonie,2,4.65785,50.32
B89,Namur,Namur,Wallonie,2,4.8719854,50.4673883
B90,Ohey,Namur,Wallonie,2,5.1246,50.4367
B91,Onhaye,Namur,Wallonie,2,4.83986,50.2415
B92,Philippeville,Namur,Wallonie,2,4.54304,50.1958
B93,Profondeville,Namur,Wallonie,2,4.8674,50.3757
B94,Sambreville,Namur,Wallonie,2,4.63073,50.4467
B95,Sombreffe,Namur,Wallonie,2,4.5884,50.5287
B96,Walcourt,Namur,Wallonie,2,4.43492,50.2539
B97,Yvoir,Namur,Wallonie,2,4.87786,50.327
B98,Bruges,West-Vlaanderen,Wallonie,2,3.2246995,51.209348
B99,Nieuwpoort,West-Vlaanderen,Wallonie,2,2.7480158,51.1284823
B100,Ostend,West-Vlaanderen,Wallonie,2,2.928656,51.21543
CR0,Budejovice,Ceske Budejovice,Jihocesky,3,14.480255,48.975658
CR1,Brunn,Brno,Jihomoravsky,3,16.6067304,49.1950982
CR2,Hodonin,Hodonin,Jihomoravsky,3,17.1260024,48.8529391
CR3,Olomouc,Olomouc,Olomoucky,3,17.2508787,49.593778
CR4,Pilsen,Plzen,Plzensky,3,13.373637,49.738431
CR5,Prague,Praha 1,Prague,3,14.4378005,50.0755381
CR6,Jankov,Benesov,Stredocesky,3,14.730747,49.652939
CR7,Melnik,Melnik,Stredocesky,3,14.481781,50.353902
CR8,Brandys nad Labem-Stara Boleslav,Praha - vychod,Stredocesky,3,14.6592444,50.1863259
FI1,Faaborg,Faaborg,Fyn,4,NA,NA
D1,NA,NA,NA,4,NA,NA
D2,Norre-Nebel,Blaabjerg,Ribe,4,NA,NA
D3,Blavand,Blavandshuk,Ribe,4,NA,NA
D4,Bramming,Bramming,Ribe,4,NA,NA
D5,Esbjerg,Esbjerg,Ribe,4,NA,NA
D6,Fano,Fano,Ribe,4,NA,NA
D7,Agerbaek,Helle,Ribe,4,NA,NA
D8,Ribe,Ribe,Ribe,4,NA,NA
D9,Varde,Varde,Ribe,4,NA,NA
D10,Ringkobing,Ringkobing,Ringkobing,4,NA,NA
D11,Haderslev,Haderslev,South Jutland,4,NA,NA
D12,Skaerbaek,Skarbak,South Jutland,4,NA,NA
D13,Sonderby,Skarbak,South Jutland,4,8.500691,55.05508
D14,Lolland,Nysted,Storstrom,4,11.46493,54.727543
E0,NA,NA,NA,5,NA,NA
FI0,NA,NA,NA,6,NA,NA
FR0,Erstein,Bas-Rhin,Alsace,7,7.66326,48.4235
FR1,La Wantzenau,Bas-Rhin,Alsace,7,7.82713,48.658
FR2,NA,Bas-Rhin,Alsace,7,NA,NA
FR3,Saverne,Bas-Rhin,Alsace,7,7.361647,48.741963
FR4,Schlettstadt,Bas-Rhin,Alsace,7,7.454241,48.259386
FR5,Strassburg,Bas-Rhin,Alsace,7,7.752111,48.573405
FR6,Cernay,Haut-Rhin,Alsace,7,7.176532,47.807124
FR7,Ensisheim,Haut-Rhin,Alsace,7,7.35181,47.8659
FR8,NA,Haut-Rhin,Alsace,7,NA,NA
FR9,Thann,Haut-Rhin,Alsace,7,7.102382,47.810702
FR10,Vergt,Dordogne,Aquitaine,7,0.7193119,45.026165
FR11,Bordeaux,Gironde,Aquitaine,7,-0.57918,44.837789
FR12,Coutras,Gironde,Aquitaine,7,-0.129361,45.04067
FR13,Agen,Lot-et-Garonne,Aquitaine,7,0.616363,44.203142
FR14,Marmande,Lot-et-Garonne,Aquitaine,7,0.159869,44.500484
FR15,Nerac,Lot-et-Garonne,Aquitaine,7,0.340128,44.136103
FR16,Bearn,Pyrenees-Atlantiques,Aquitaine,7,-0.2136437,43.1350202
FR17,Orthez,Pyrenees-Atlantiques,Aquitaine,7,-0.7739279,43.48756
FR18,Saint-Jean-de-Luz,Pyrenees-Atlantiques,Aquitaine,7,-1.663055,43.388051
FR19,Le Puy-en-Velay,Haute-Loire,Auvergne,7,3.882936,45.042768
FR20,Issoire,Puy-de-Dome,Auvergne,7,3.248128,45.54151
FR21,Riom,Puy-de-Dome,Auvergne,7,3.114932,45.8939949
FR22,L'Oudon,Calvados,Basse-Normandie,7,0.0321618,48.9706758
FR23,NA,NA,Basse-Normandie,7,NA,NA
FR24,Arnay-le-Duc,Cote-d'Or,Bourgogne,7,4.485898,47.130623
FR25,Auxonne,Cote-d'Or,Bourgogne,7,5.388925,47.193543
FR26,Dijon,Cote-d'Or,Bourgogne,7,5.04148,47.322047
FR27,Fontaine-Francaise,Cote-d'Or,Bourgogne,7,5.370847,47.526469
FR28,Saint-Jean-de-Losne,Cote-d'Or,Bourgogne,7,5.262806,47.102266
FR29,La Charite-sur-Loire,Nievre,Bourgogne,7,3.018014,47.177091
FR30,Nevers,Nievre,Bourgogne,7,3.162845,46.990896
FR31,Autun,Saone-et-Loire,Bourgogne,7,4.301565,46.950914
FR32,Chalon-sur-Saone,Saone-et-Loire,Bourgogne,7,4.853947,46.780764
FR33,Macon,Saone-et-Loire,Bourgogne,7,4.828731,46.3068839
FR34,Tonnerre,Yonne,Bourgogne,7,3.973527,47.856724
FR35,Moncontour,Cotes-d'Armor,Bretagne,7,-2.63149,48.361272
FR36,Lorient,Morbihan,Bretagne,7,-3.3702449,47.7482524
FR37,Sancerre,Cher,Centre,7,2.839867,47.329583
FR38,Auneau,Eure-et-Loir,Centre,7,1.773238,48.4622839
FR39,Chartres,Eure-et-Loir,Centre,7,1.489012,48.443854
FR40,Dreux,Eure-et-Loir,Centre,7,1.370889,48.736134
FR41,Tours,Indre-et-Loire,Centre,7,0.68484,47.394144
FR42,Orleans,Loiret,Centre,7,1.909251,47.902964
FR43,Vimory,Loiret,Centre,7,2.676921,47.94444
FR44,Bievres,Ardennes,Champagne-Ardenne,7,5.264767,49.55626
FR45,Rocroi,Ardennes,Champagne-Ardenne,7,4.519757,49.925149
FR46,Sedan,Ardennes,Champagne-Ardenne,7,4.93863,49.70349
FR47,Troyes,Aube,Champagne-Ardenne,7,4.0744009,48.2973451
FR48,Langres,Haute-Marne,Champagne-Ardenne,7,5.334297,47.86683
FR49,Wassy,Haute-Marne,Champagne-Ardenne,7,4.948753,48.499508
FR50,Chalons-sur-Marne,Marne,Champagne-Ardenne,7,4.363073,48.956682
FR51,Dormans,Marne,Champagne-Ardenne,7,3.638479,49.07464
FR52,Baume-les-Dames,Doubs,Franche-Comte,7,6.36176,47.3527
FR53,Besancon,Doubs,Franche-Comte,7,6.0240539,47.237829
FR54,Ornans,Doubs,Franche-Comte,7,6.14701,47.106
FR55,Quingey,Doubs,Franche-Comte,7,5.88324,47.1031
FR56,Gray,Haute-Saone,Franche-Comte,7,5.59235,47.4458
FR57,Luxeuil-les-Bains,Haute-Saone,Franche-Comte,7,6.381111,47.8168409
FR58,Vesoul,Haute-Saone,Franche-Comte,7,6.15428,47.619788
FR59,Arbois,Jura,Franche-Comte,7,5.77234,46.9029
FR60,Dole,Jura,Franche-Comte,7,5.49081,47.09534
FR61,Lons-le-Saunier,Jura,Franche-Comte,7,5.5508,46.6714
FR62,Orgelet,Jura,Franche-Comte,7,5.61297,46.5225
FR63,Poligny,Jura,Franche-Comte,7,5.7091,46.8364
FR64,Saint-Claude,Jura,Franche-Comte,7,5.86777,46.3874
FR65,Salins-les-Bains,Jura,Franche-Comte,7,5.8758,46.9397
FR66,NA,NA,Franche-Comte,7,NA,NA
FR67,Evreux,Eure,Haute-Normandie,7,1.151361,49.0270129
FR68,Louviers,Eure,Haute-Normandie,7,1.1686123,49.2152477
FR69,NA,NA,Haute-Normandie,7,NA,NA
FR70,Arques-la-Bataille,Seine-Maritime,Haute-Normandie,7,1.125068,49.880241
FR71,Aumale,Seine-Maritime,Haute-Normandie,7,1.752119,49.76861
FR72,Caudebec-en-Caux,Seine-Maritime,Haute-Normandie,7,0.723336,49.525303
FR73,Le Havre,Seine-Maritime,Haute-Normandie,7,0.107929,49.49437
FR74,Londinieres,Seine-Maritime,Haute-Normandie,7,1.402787,49.832774
FR75,Rouen,Seine-Maritime,Haute-Normandie,7,1.099971,49.443232
FR76,Paris,Paris,Ile-de-France,7,2.3522219,48.856614
FR77,Brie-Comte-Robert,Seine-et-Marne,Ile-de-France,7,2.6103697,48.6912267
FR78,Chateau-Landon,Seine-et-Marne,Ile-de-France,7,2.704426,48.150232
FR79,Coulommiers,Seine-et-Marne,Ile-de-France,7,3.083497,48.813071
FR80,Provins,Seine-et-Marne,Ile-de-France,7,3.299203,48.560149
FR81,Saint-Denis,Seine-Saint-Denis,Ile-de-France,7,2.357443,48.936181
FR82,Ivry,Val-de-Marne,Ile-de-France,7,2.38822,48.813055
FR83,Mantes,Yvelines,Ile-de-France,7,1.714958,48.989323
FR84,Carcassonne,Aude,Languedoc-Roussillon,7,2.353663,43.212161
FR85,Boucoiran-et-Nozieres,Gard,Languedoc-Roussillon,7,4.1769749,43.9961062
FR86,Beziers,Herault,Languedoc-Roussillon,7,3.215795,43.344233
FR87,Montpellier,Herault,Languedoc-Roussillon,7,3.876716,43.610769
FR88,Les Salces,Lozere,Languedoc-Roussillon,7,3.162048,44.534143
FR89,Mende,Lozere,Languedoc-Roussillon,7,3.501873,44.517611
FR90,La Roche-l'Abeille,Haute-Vienne,Limousin,7,1.240181,45.596783
FR91,Amance,Meurthe-et-Moselle,Lorraine,7,6.27948,48.7543
FR92,Blamont,Meurthe-et-Moselle,Lorraine,7,6.84384,48.5894
FR93,Einville-au-jard,Meurthe-et-Moselle,Lorraine,7,6.48818,48.6551
FR94,Gondreville,Meurthe-et-Moselle,Lorraine,7,5.96373,48.6931
FR95,Luneville,Meurthe-et-Moselle,Lorraine,7,6.49234,48.5922
FR96,Nancy,Meurthe-et-Moselle,Lorraine,7,6.184417,48.692054
FR97,Pont-a-Mousson,Meurthe-et-Moselle,Lorraine,7,6.05487,48.9033
FR98,Preny,Meurthe-et-Moselle,Lorraine,7,5.99599,48.9789
FR99,Rosieres-aux-Salines,Meurthe-et-Moselle,Lorraine,7,6.33295,48.5954
FR100,Vaudemont,Meurthe-et-Moselle,Lorraine,7,6.05513,48.4169
FR101,Bar,Meuse,Lorraine,7,5.158238,48.773605
FR102,Verdun,Meuse,Lorraine,7,5.3844231,49.1598764
FR103,Bitche,Moselle,Lorraine,7,7.42728,49.0504
FR104,Boulay-Moselle,Moselle,Lorraine,7,6.4981099,49.184543
FR105,Cappel,Moselle,Lorraine,7,6.8585,49.0751
FR106,Chambourg,Moselle,Lorraine,7,6.14337,49.395
FR107,Dieuze,Moselle,Lorraine,7,6.71757,48.8103
FR108,Forbach,Moselle,Lorraine,7,6.8953,49.1865
FR109,Gorze,Moselle,Lorraine,7,5.998718,49.053754
FR110,Halfedanges,Moselle,Lorraine,7,6.52544,49.073894
FR111,Metz,Moselle,Lorraine,7,6.1757156,49.1193089
FR112,Morhange,Moselle,Lorraine,7,6.63579,48.9229
FR113,NA,Moselle,Lorraine,7,NA,NA
FR114,Puttelange-aux-Lacs,Moselle,Lorraine,7,6.92987,49.0532
FR115,Sarralbe,Moselle,Lorraine,7,7.02993,48.9996
FR116,Sarrebourg,Moselle,Lorraine,7,7.05259,48.7327
FR117,Sarreguemines,Moselle,Lorraine,7,7.07086,49.106
FR118,Sierck-les-Bains,Moselle,Lorraine,7,6.36101,49.4426
FR119,Thionville,Moselle,Lorraine,7,6.168426,49.357571
FR120,NA,NA,Lorraine,7,NA,NA
FR121,Arches,Vosges,Lorraine,7,6.52836,48.118
FR122,Bruyeres,Vosges,Lorraine,7,6.71947,48.2113
FR123,Charmes,Vosges,Lorraine,7,6.29325,48.3723
FR124,Chatel-sur-Moselle,Vosges,Lorraine,7,6.39335,48.3129
FR125,Darney,Vosges,Lorraine,7,6.04725,48.085
FR126,Dompaire,Vosges,Lorraine,7,6.2262,48.2212
FR127,Epinal,Vosges,Lorraine,7,6.4494,48.1724
FR128,Mirecourt,Vosges,Lorraine,7,6.13386,48.3022
FR129,Monthureux-sur-Saone,Vosges,Lorraine,7,5.972523,48.030485
FR130,Saint-Die,Vosges,Lorraine,7,6.94777,48.2875
FR131,Pamiers,Ariege,Midi-Pyrenees,7,1.607953,43.114753
FR132,Cintegabelle,Haute-Garonne,Midi-Pyrenees,7,1.53157,43.313989
FR133,Toulouse,Haute-Garonne,Midi-Pyrenees,7,1.444209,43.604652
FR134,Cahors,Lot,Midi-Pyrenees,7,1.441989,44.4475229
FR135,Figeac,Lot,Midi-Pyrenees,7,2.032871,44.608288
FR136,Montauban,Tarn-et-Garonne,Midi-Pyrenees,7,1.3529599,44.0221252
FR137,NA,NA,NA,7,NA,NA
FR138,Bailleul,Nord,Nord-Pas-de-Calais,7,2.73559,50.736482
FR139,Bergues,Nord,Nord-Pas-de-Calais,7,NA,NA
FR140,Cambrai,Nord,Nord-Pas-de-Calais,7,3.236633,50.173538
FR141,Cassel,Nord,Nord-Pas-de-Calais,7,NA,NA
FR142,Douai,Nord,Nord-Pas-de-Calais,7,3.080602,50.367874
FR143,Dunkirk,Nord,Nord-Pas-de-Calais,7,2.3767763,51.0343684
FR144,Gravelines,Nord,Nord-Pas-de-Calais,7,2.125537,50.98707
FR145,Hondschoote,Nord,Nord-Pas-de-Calais,7,3.199481,50.038278
FR146,Houtkerque,Nord,Nord-Pas-de-Calais,7,NA,NA
FR147,Lille,Nord,Nord-Pas-de-Calais,7,3.057256,50.62925
FR148,Merville,Nord,Nord-Pas-de-Calais,7,NA,NA
FR149,Mons-en-Pevele,Nord,Nord-Pas-de-Calais,7,3.099575,50.480352
FR150,Morbecque,Nord,Nord-Pas-de-Calais,7,NA,NA
FR151,NA,Nord,Nord-Pas-de-Calais,7,NA,NA
FR152,Pecquencourt,Nord,Nord-Pas-de-Calais,7,3.212056,50.375524
FR153,Valenciennes,Nord,Nord-Pas-de-Calais,7,3.518332,50.357113
FR154,Calais,Pas-de-Calais,Nord-Pas-de-Calais,7,1.858686,50.95129
FR155,Lens,Pas-de-Calais,Nord-Pas-de-Calais,7,2.83183,50.42893
FR156,NA,Pas-de-Calais,Nord-Pas-de-Calais,7,NA,NA
FR157,Rouvroy,Pas-de-Calais,Nord-Pas-de-Calais,7,2.90375,50.393268
FR158,Saint-Omer,Pas-de-Calais,Nord-Pas-de-Calais,7,2.252208,50.750115
FR159,Nantes,Loire-Atlantique,Pays de la Loire,7,-1.553621,47.218371
FR160,Angers,Maine-et-Loire,Pays de la Loire,7,-0.563166,47.478419
FR161,Saumur,Maine-et-Loire,Pays de la Loire,7,-0.080893,47.260135
FR162,Chauny,Aisne,Picardie,7,3.219421,49.615576
FR163,Laon,Aisne,Picardie,7,3.61989,49.564133
FR164,Saint-Quentin,Aisne,Picardie,7,3.2874,49.847066
FR165,Soissons,Aisne,Picardie,7,3.32342,49.376636
FR166,Amiens,Somme,Picardie,7,2.295753,49.894067
FR167,Corbie,Somme,Picardie,7,2.511947,49.907676
FR168,Bassac,Charente,Poitou-Charentes,7,-0.104503,45.663292
FR169,La Rochelle,Charente-Maritime,Poitou-Charentes,7,-1.151139,46.160329
FR170,Saint-Jean-d'Angely,Charente-Maritime,Poitou-Charentes,7,-0.517763,45.944823
FR171,Bressuire,Deux-Sevres,Poitou-Charentes,7,-0.492866,46.84246
FR172,Poitiers,Vienne,Poitou-Charentes,7,0.340375,46.580224
FR173,Nice,Alpes-Maritimes,Provence-Alpes-Cote d'Azur,7,7.2619532,43.7101728
FR174,Aix-en-Provence,Bouches-du-Rhone,Provence-Alpes-Cote d'Azur,7,5.447427,43.529742
FR175,Draguignan,Var,Provence-Alpes-Cote d'Azur,7,6.464993,43.537727
FR176,Avignon,Vaucluse,Provence-Alpes-Cote d'Azur,7,4.805528,43.949317
FR177,Boissey,Ain,Rhone-Alpes,7,4.996962,46.3812
FR178,Aubenas,Ardeche,Rhone-Alpes,7,4.389863,44.620909
FR179,Vivarais,Ardeche,Rhone-Alpes,7,4.691053,44.480269
FR180,Chamonix,Haute-Savoie,Rhone-Alpes,7,6.869433,45.923697
FR181,Talloires,Haute-Savoie,Rhone-Alpes,7,6.2151189,45.839395
FR182,Avalon,Isere,Rhone-Alpes,7,3.907399,47.488173
FR183,La Tour-du-Pin,Isere,Rhone-Alpes,7,5.445327,45.564026
FR184,NA,Isere,Rhone-Alpes,7,NA,NA
FR185,Lyon,Rhone,Rhone-Alpes,7,4.835659,45.764043
FR186,Chambery,Savoie,Rhone-Alpes,7,5.917781,45.564601
FR187,NA,Savoie,Rhone-Alpes,7,NA,NA
FR188,NA,NA,Valais,7,NA,NA
FR189,Honnecourt-sur-Escaut,Nord-Pas-de-Calais,Nord,7,3.199481,50.038278
G0,Achern,Freiburg,Baden-Wurttemberg,8,8.07492,48.6266
G1,Appenweier,Freiburg,Baden-Wurttemberg,8,7.9745,48.5477
G2,Badenweiler,Freiburg,Baden-Wurttemberg,8,7.67211,47.8027
G3,Bernau im Schwarzwald,Freiburg,Baden-Wurttemberg,8,8.06365,47.7925
G4,Black Forest,Freiburg,Baden-Wurttemberg,8,7.82537,48.3556
G5,Braunlingen,Freiburg,Baden-Wurttemberg,8,8.44544,47.9294
G6,Breisach,Freiburg,Baden-Wurttemberg,8,7.5836067,48.0348382
G7,Brigach,Freiburg,Baden-Wurttemberg,8,8.28305,48.1071
G8,Burkheim,Freiburg,Baden-Wurttemberg,8,7.59347,48.1013
G9,Diersburg,Freiburg,Baden-Wurttemberg,8,7.93809,48.3989
G10,Donaueschingen,Freiburg,Baden-Wurttemberg,8,8.4979461,47.9521523
G11,Dornhan,Freiburg,Baden-Wurttemberg,8,8.50887,48.3493
G12,Efringen-Kirchen,Freiburg,Baden-Wurttemberg,8,7.5676,47.6532
G13,Elzach,Freiburg,Baden-Wurttemberg,8,8.06868,48.1732
G14,Endingen,Freiburg,Baden-Wurttemberg,8,7.70059,48.1437
G15,Erolzheim,Freiburg,Baden-Wurttemberg,8,10.0708,48.0917
G16,Ettenheim,Freiburg,Baden-Wurttemberg,8,7.8138072,48.2565786
G17,Freiburg,Freiburg,Baden-Wurttemberg,8,7.8421043,47.9990077
G18,Gengenbach,Freiburg,Baden-Wurttemberg,8,8.0096,48.4098
G19,Grafenhausen,Freiburg,Baden-Wurttemberg,8,8.25521,47.7757
G20,Gundelfingen,Freiburg,Baden-Wurttemberg,8,7.86552,48.043
G21,Harmersbach,Freiburg,Baden-Wurttemberg,8,8.01096,48.2408
G22,Haslach im Kinzigtal,Freiburg,Baden-Wurttemberg,8,8.09,48.2774
G23,Heidelberg,Freiburg,Baden-Wurttemberg,8,8.67243,49.3988
G24,Hofweier,Freiburg,Baden-Wurttemberg,8,7.90955,48.4241
G25,Hohentwiel,Freiburg,Baden-Wurttemberg,8,8.8188889,47.7647222
G26,Hornberg,Freiburg,Baden-Wurttemberg,8,8.23197,48.2099
G27,Hufingen,Freiburg,Baden-Wurttemberg,8,8.48753,47.9284
G28,Isny im Allgau,Freiburg,Baden-Wurttemberg,8,10.042,47.695
G29,Kenzingen,Freiburg,Baden-Wurttemberg,8,7.76968,48.1955
G30,Kloster Wittichen,Freiburg,Baden-Wurttemberg,8,8.34732,48.335
G31,Konigsheim,Freiburg,Baden-Wurttemberg,8,8.86279,48.1009
G32,Konstanz,Freiburg,Baden-Wurttemberg,8,9.1732384,47.6779496
G33,Konstanz,Freiburg,Baden-Wurttemberg,8,9.17324,47.6779
G34,Lahr,Freiburg,Baden-Wurttemberg,8,7.86667,48.3333
G35,Lenzkirch,Freiburg,Baden-Wurttemberg,8,8.20426,47.8692
G36,Markgraflerland,Freiburg,Baden-Wurttemberg,8,7.55352,47.7336
G37,NA,Freiburg,Baden-Wurttemberg,8,NA,NA
G38,Neuried,Freiburg,Baden-Wurttemberg,8,7.80236,48.4489
G39,Nimburg,Freiburg,Baden-Wurttemberg,8,7.7806,48.1062
G40,Oberkirch,Freiburg,Baden-Wurttemberg,8,8.07678,48.5336
G41,Oberndorf am Neckar,Freiburg,Baden-Wurttemberg,8,8.57658,48.2946
G42,Offenburg,Freiburg,Baden-Wurttemberg,8,7.9498,48.4735
G43,Oppenau,Freiburg,Baden-Wurttemberg,8,8.16158,48.4743
G44,Ortenaukreis,Freiburg,Baden-Wurttemberg,8,7.94714,48.3645
G45,Rammersweier,Freiburg,Baden-Wurttemberg,8,7.96909,48.4821
G46,Reichenau,Freiburg,Baden-Wurttemberg,8,9.06601,47.693
G47,Reichenbach am Heuberg,Freiburg,Baden-Wurttemberg,8,8.84119,48.1334
G48,Renchen,Freiburg,Baden-Wurttemberg,8,8.01188,48.5862
G49,Reute,Freiburg,Baden-Wurttemberg,8,7.82609,48.0833
G50,Rheinfelden,Freiburg,Baden-Wurttemberg,8,7.791667,47.561111
G51,Rottweil,Freiburg,Baden-Wurttemberg,8,8.6316219,48.1610687
G52,Sasbach,Freiburg,Baden-Wurttemberg,8,7.61733,48.1403
G53,Schiltach,Freiburg,Baden-Wurttemberg,8,8.34689,48.2918
G54,Schliengen,Freiburg,Baden-Wurttemberg,8,7.57742,47.757
G55,Schopfheim,Freiburg,Baden-Wurttemberg,8,7.82357,47.6519
G56,Schramberg,Freiburg,Baden-Wurttemberg,8,8.38447,48.2281
G57,Schutterwald,Freiburg,Baden-Wurttemberg,8,7.88423,48.4583
G58,Sulz am Neckar,Freiburg,Baden-Wurttemberg,8,8.63442,48.3537
G59,Titisee-Neustadt,Freiburg,Baden-Wurttemberg,8,8.19116,47.9238
G60,Tuttlingen,Freiburg,Baden-Wurttemberg,8,8.8192095,47.9823316
G61,Vogtsburg,Freiburg,Baden-Wurttemberg,8,7.64078,48.0971
G62,Vohringen,Freiburg,Baden-Wurttemberg,8,8.66422,48.3346
G63,Waldkirch,Freiburg,Baden-Wurttemberg,8,7.95865,48.0915
G64,Waldshut-Tiengen,Freiburg,Baden-Wurttemberg,8,8.27192,47.6327
G65,Wittenweier,Freiburg,Baden-Wurttemberg,8,7.761365,48.328779
G66,Wolfach,Freiburg,Baden-Wurttemberg,8,8.21492,48.2924
G67,Zell am Harmersbach,Freiburg,Baden-Wurttemberg,8,8.06565,48.3472
G68,Alpirsbach,Karlsruhe,Baden-Wurttemberg,8,8.4017,48.3436
G69,Altensteig,Karlsruhe,Baden-Wurttemberg,8,8.60606,48.5884
G70,Bad Herrenalb,Karlsruhe,Baden-Wurttemberg,8,8.43967,48.7988
G71,Bad Liebenzell,Karlsruhe,Baden-Wurttemberg,8,8.72998,48.7747
G72,Bad Wildbad,Karlsruhe,Baden-Wurttemberg,8,8.54927,48.7516
G73,Baden-Baden,Karlsruhe,Baden-Wurttemberg,8,8.22852,48.7656
G74,Bietigheim,Karlsruhe,Baden-Wurttemberg,8,8.24995,48.9099
G75,Bildechingen,Karlsruhe,Baden-Wurttemberg,8,8.71509,48.4647
G76,Bretten,Karlsruhe,Baden-Wurttemberg,8,8.70106,49.0363
G77,Buhl,Karlsruhe,Baden-Wurttemberg,8,8.13806,48.6955
G78,Calw,Karlsruhe,Baden-Wurttemberg,8,8.74724,48.7122
G79,Dornstetten,Karlsruhe,Baden-Wurttemberg,8,8.49816,48.4717
G80,Ettlingen,Karlsruhe,Baden-Wurttemberg,8,8.39802,48.9432
G81,Freudenstadt,Karlsruhe,Baden-Wurttemberg,8,8.418,48.4645
G82,Heidelberg,Karlsruhe,Baden-Wurttemberg,8,8.6724335,49.3987524
G83,Heidelberg,Karlsruhe,Baden-Wurttemberg,8,8.6724335,49.3987524
G84,Hirsau,Karlsruhe,Baden-Wurttemberg,8,8.73312,48.7359
G85,Horb am Neckar,Karlsruhe,Baden-Wurttemberg,8,8.68485,48.4421
G86,Kampfelbach,Karlsruhe,Baden-Wurttemberg,8,8.62351,48.9486
G87,Karlsruhe,Karlsruhe,Baden-Wurttemberg,8,8.40365,49.0069
G88,Knittlingen,Karlsruhe,Baden-Wurttemberg,8,8.7583,49.024
G89,Kuppenheim,Karlsruhe,Baden-Wurttemberg,8,8.25624,48.8289
G90,Lichtenau,Karlsruhe,Baden-Wurttemberg,8,8.00684,48.7254
G91,Mannheim,Karlsruhe,Baden-Wurttemberg,8,8.4660395,49.4874592
G92,Muhringen,Karlsruhe,Baden-Wurttemberg,8,8.75259,48.4172
G93,Nagold,Karlsruhe,Baden-Wurttemberg,8,8.72347,48.5474
G94,Neibsheim,Karlsruhe,Baden-Wurttemberg,8,8.68386,49.0681
G95,Neuenburg,Karlsruhe,Baden-Wurttemberg,8,8.588,48.8484
G96,Pforzheim,Karlsruhe,Baden-Wurttemberg,8,8.6946286,48.8921862
G97,Pforzheim,Karlsruhe,Baden-Wurttemberg,8,8.69463,48.8922
G98,Rastatt,Karlsruhe,Baden-Wurttemberg,8,8.20591,48.8591
G99,Sinsheim,Karlsruhe,Baden-Wurttemberg,8,8.88849,49.2489
G100,Wiesloch,Karlsruhe,Baden-Wurttemberg,8,8.6962064,49.2953714
G101,Wildberg,Karlsruhe,Baden-Wurttemberg,8,8.7411,48.6246
G102,Klettgau,NA,Baden-Wurttemberg,8,NA,NA
G103,Langenargen,NA,Baden-Wurttemberg,8,NA,NA
G104,Leutkirch im Allgau,NA,Baden-Wurttemberg,8,NA,NA
G105,NA,NA,Baden-Wurttemberg,8,NA,NA
G106,Waldburg-Trauchburg,NA,Baden-Wurttemberg,8,NA,NA
G107,Wangen im Allgau,NA,Baden-Wurttemberg,8,NA,NA
G108,Aalen,Stuttgart,Baden-Wurttemberg,8,10.0971,48.8367
G109,Asperg,Stuttgart,Baden-Wurttemberg,8,9.14003,48.9042
G110,Backnang,Stuttgart,Baden-Wurttemberg,8,9.43418,48.9471
G111,Bad Mergentheim,Stuttgart,Baden-Wurttemberg,8,9.77042,49.4885
G112,Bad Rappenau,Stuttgart,Baden-Wurttemberg,8,9.10202,49.2402
G113,Bad Wimpfen,Stuttgart,Baden-Wurttemberg,8,9.15714,49.2285
G114,Beilstein,Stuttgart,Baden-Wurttemberg,8,9.31295,49.0417
G115,Besigheim,Stuttgart,Baden-Wurttemberg,8,9.14839,48.9988
G116,Beuren,Stuttgart,Baden-Wurttemberg,8,9.40125,48.5692
G117,Boblingen,Stuttgart,Baden-Wurttemberg,8,9.0088299,48.6813312
G118,Boll,Stuttgart,Baden-Wurttemberg,8,9.61378,48.6406
G119,Bottwar,Stuttgart,Baden-Wurttemberg,8,9.35768,49.04
G120,Brackenheim,Stuttgart,Baden-Wurttemberg,8,9.07031,49.0809
G121,Crailsheim,Stuttgart,Baden-Wurttemberg,8,10.0634,49.1337
G122,Dorzbach,Stuttgart,Baden-Wurttemberg,8,9.70592,49.384
G123,Ellwangen,Stuttgart,Baden-Wurttemberg,8,10.1302,48.9627
G124,Esslingen,Stuttgart,Baden-Wurttemberg,8,9.32011,48.7433
G125,Fellbach,Stuttgart,Baden-Wurttemberg,8,9.27029,48.8216
G126,Freudenberg am Main,Stuttgart,Baden-Wurttemberg,8,9.32665,49.7541
G127,Gaildorf,Stuttgart,Baden-Wurttemberg,8,9.76551,48.9999
G128,Geislingen an der Steige,Stuttgart,Baden-Wurttemberg,8,9.82945,48.6215
G129,Gemmingen,Stuttgart,Baden-Wurttemberg,8,8.98112,49.1556
G130,Giengen,Stuttgart,Baden-Wurttemberg,8,10.2392,48.6224
G131,Goppingen,Stuttgart,Baden-Wurttemberg,8,9.65125,48.7054
G132,Grossbottwar,Stuttgart,Baden-Wurttemberg,8,9.29395,49.0019
G133,Guglingen,Stuttgart,Baden-Wurttemberg,8,9.00138,49.0667
G134,Heidenheim,Stuttgart,Baden-Wurttemberg,8,10.1611,48.6894
G135,Heilbronn,Stuttgart,Baden-Wurttemberg,8,9.210879,49.1426929
G136,Herbsthausen,Stuttgart,Baden-Wurttemberg,8,9.828538,49.404531
G137,Herrenberg,Stuttgart,Baden-Wurttemberg,8,8.86716,48.595
G138,Ingelfingen,Stuttgart,Baden-Wurttemberg,8,9.65725,49.2997
G139,Kirchheim unter Teck,Stuttgart,Baden-Wurttemberg,8,9.45196,48.6471
G140,Kongen,Stuttgart,Baden-Wurttemberg,8,9.36497,48.6823
G141,Kraichgau,Stuttgart,Baden-Wurttemberg,8,8.96897,49.1005
G142,Krautheim,Stuttgart,Baden-Wurttemberg,8,9.63439,49.3827
G143,Lauda-Konigshofen,Stuttgart,Baden-Wurttemberg,8,9.70038,49.5651
G144,Lauffen,Stuttgart,Baden-Wurttemberg,8,9.14601,49.072
G145,Leonberg,Stuttgart,Baden-Wurttemberg,8,9.00957,48.796
G146,Marbach am Neckar,Stuttgart,Baden-Wurttemberg,8,9.2646,48.9396
G147,Mockmuhl,Stuttgart,Baden-Wurttemberg,8,9.35407,49.3224
G148,NA,Stuttgart,Baden-Wurttemberg,8,NA,NA
G149,Neuenstadt am Kocher,Stuttgart,Baden-Wurttemberg,8,9.33581,49.2348
G150,Neuffen,Stuttgart,Baden-Wurttemberg,8,9.37562,48.5561
G151,Neuhausen auf den Fildern,Stuttgart,Baden-Wurttemberg,8,9.27583,48.6821
G152,Niedernhall,Stuttgart,Baden-Wurttemberg,8,9.61854,49.2861
G153,Niederstetten,Stuttgart,Baden-Wurttemberg,8,9.91944,49.3995
G154,Nurtingen,Stuttgart,Baden-Wurttemberg,8,9.34691,48.6244
G155,Obersontheim,Stuttgart,Baden-Wurttemberg,8,9.89631,49.0575
G156,Ohringen,Stuttgart,Baden-Wurttemberg,8,9.50295,49.1999
G157,Owen,Stuttgart,Baden-Wurttemberg,8,9.45012,48.5879
G158,Sachsenheim,Stuttgart,Baden-Wurttemberg,8,9.06432,48.9604
G159,Schorndorf,Stuttgart,Baden-Wurttemberg,8,9.52962,48.8015
G160,Schwabisch Gmund,Stuttgart,Baden-Wurttemberg,8,9.80457,48.7994
G161,Schwabisch Hall,Stuttgart,Baden-Wurttemberg,8,9.73726,49.1125
G162,Sindelfingen,Stuttgart,Baden-Wurttemberg,8,9.00441,48.7075
G163,Stuttgart,Stuttgart,Baden-Wurttemberg,8,9.18293,48.7758
G164,Waiblingen,Stuttgart,Baden-Wurttemberg,8,9.31857,48.8294
G165,Weil der Stadt,Stuttgart,Baden-Wurttemberg,8,8.87274,48.7536
G166,Weinsberg,Stuttgart,Baden-Wurttemberg,8,9.28727,49.1485
G167,Wertheim am Main,Stuttgart,Baden-Wurttemberg,8,9.51285,49.7586
G168,Wiesensteig,Stuttgart,Baden-Wurttemberg,8,9.62756,48.5652
G169,Wimpfen,Stuttgart,Baden-Wurttemberg,8,9.1575,49.23007
G170,Winnenden,Stuttgart,Baden-Wurttemberg,8,9.39714,48.875
G171,Altshausen,Tubingen,Baden-Wurttemberg,8,9.54131,47.9328
G172,Bad Saulgau,Tubingen,Baden-Wurttemberg,8,9.5002,48.0147
G173,Bad Urach,Tubingen,Baden-Wurttemberg,8,9.39487,48.4969
G174,Bad Waldsee,Tubingen,Baden-Wurttemberg,8,9.75328,47.9227
G175,Bad Wurzach,Tubingen,Baden-Wurttemberg,8,9.8938287,47.9081917
G176,Balingen,Tubingen,Baden-Wurttemberg,8,8.84953,48.2748
G177,Bebenhausen,Tubingen,Baden-Wurttemberg,8,9.05855,48.5606
G178,Biberach,Tubingen,Baden-Wurttemberg,8,9.79015,48.0951
G179,Blaubeuren,Tubingen,Baden-Wurttemberg,8,9.78355,48.4073
G180,Burladingen,Tubingen,Baden-Wurttemberg,8,9.10959,48.2923
G181,Durmentingen,Tubingen,Baden-Wurttemberg,8,9.53633,48.1135
G182,Ebingen,Tubingen,Baden-Wurttemberg,8,9.03167,48.2104
G183,Ehingen,Tubingen,Baden-Wurttemberg,8,9.723611,48.283333
G184,Friedrichshafen,Tubingen,Baden-Wurttemberg,8,9.48001,47.6618
G185,Gammertingen,Tubingen,Baden-Wurttemberg,8,9.21526,48.2471
G186,Guggenhausen,Tubingen,Baden-Wurttemberg,8,9.45558,47.8936
G187,Haigerloch,Tubingen,Baden-Wurttemberg,8,8.79197,48.3667
G188,Hechingen,Tubingen,Baden-Wurttemberg,8,8.96136,48.3539
G189,Heiligkreuztal,Tubingen,Baden-Wurttemberg,8,9.40386,48.1351
G190,Herbertingen,Tubingen,Baden-Wurttemberg,8,9.42967,48.0614
G191,Hohenzollern,Tubingen,Baden-Wurttemberg,8,8.96778,48.3231
G192,Hosskirch,Tubingen,Baden-Wurttemberg,8,9.4435,47.9413
G193,Isny im Allgau,Tubingen,Baden-Wurttemberg,8,10.042,47.695
G194,Konigseggwald,Tubingen,Baden-Wurttemberg,8,9.4223,47.9291
G195,Mengen,Tubingen,Baden-Wurttemberg,8,9.33624,48.0497
G196,Messkirch,Tubingen,Baden-Wurttemberg,8,9.11564,47.9944
G197,Munsingen,Tubingen,Baden-Wurttemberg,8,9.49804,48.4114
G198,NA,Tubingen,Baden-Wurttemberg,8,NA,NA
G199,Neufra,Tubingen,Baden-Wurttemberg,8,9.18288,48.2488
G200,Obermarchtal,Tubingen,Baden-Wurttemberg,8,9.56997,48.2338
G201,Ochsenhausen,Tubingen,Baden-Wurttemberg,8,9.95159,48.0695
G202,Ravensburg,Tubingen,Baden-Wurttemberg,8,9.6121303,47.7782704
G203,Reutlingen,Tubingen,Baden-Wurttemberg,8,9.2038,48.5069
G204,Riedlingen,Tubingen,Baden-Wurttemberg,8,9.47133,48.1596
G205,Rosenfeld,Tubingen,Baden-Wurttemberg,8,8.72004,48.2874
G206,Rottenburg am Neckar,Tubingen,Baden-Wurttemberg,8,8.94095,48.4791
G207,Schomberg,Tubingen,Baden-Wurttemberg,8,8.75791,48.2069
G208,Stetten am kalten Markt,Tubingen,Baden-Wurttemberg,8,9.07347,48.127
G209,Tettnang,Tubingen,Baden-Wurttemberg,8,9.5916,47.6682
G210,Trochtelfingen,Tubingen,Baden-Wurttemberg,8,9.23991,48.3091
G211,Tubingen,Tubingen,Baden-Wurttemberg,8,9.05764,48.5216
G212,Uberlingen,Tubingen,Baden-Wurttemberg,8,9.1702772,47.7661746
G213,Ulm,Tubingen,Baden-Wurttemberg,8,9.98761,48.4011
G214,Unlingen,Tubingen,Baden-Wurttemberg,8,9.51956,48.167
G215,Veringenstadt,Tubingen,Baden-Wurttemberg,8,9.21059,48.183
G216,Weingarten,Tubingen,Baden-Wurttemberg,8,9.63798,47.8096
G217,Abensberg,Mittelfranken,Bayern,8,11.8508,48.8177
G218,Aichach,Mittelfranken,Bayern,8,11.136,48.4577
G219,Alte Veste,Mittelfranken,Bayern,8,10.972363,49.454322
G220,Altotting,Mittelfranken,Bayern,8,12.6768,48.2246
G221,Amberg,Mittelfranken,Bayern,8,11.8633,49.4403
G222,Apfeldorf,Mittelfranken,Bayern,8,10.9333,47.9
G223,Aschau,Mittelfranken,Bayern,8,12.3225,47.7771
G224,Augsburg,Mittelfranken,Bayern,8,10.8978,48.3705
G225,Aurach,Mittelfranken,Bayern,8,10.4161,49.2467
G226,Bad Aibling,Mittelfranken,Bayern,8,12.0093,47.864
G227,Bad Griesbach,Mittelfranken,Bayern,8,13.1966,48.4502
G228,Bad Kotzting,Mittelfranken,Bayern,8,12.8517,49.1768
G229,Bad Reichenhall,Mittelfranken,Bayern,8,12.8816,47.7303
G230,Bad Tolz,Mittelfranken,Bayern,8,11.5652,47.7615
G231,Berchtesgaden,Mittelfranken,Bayern,8,13.0001,47.6302
G232,Bernbeuren,Mittelfranken,Bayern,8,10.7764,47.7387
G233,Bobingen,Mittelfranken,Bayern,8,10.8296,48.2697
G234,Bogen,Mittelfranken,Bayern,8,12.6928,48.9128
G235,Breitenbrunn,Mittelfranken,Bayern,8,11.6227,49.0853
G236,Buchloe,Mittelfranken,Bayern,8,10.7211,48.0361
G237,Burgau,Mittelfranken,Bayern,8,10.4108,48.4302
G238,Burghausen,Mittelfranken,Bayern,8,12.8311,48.1726
G239,Burgheim,Mittelfranken,Bayern,8,11.0168,48.7006
G240,Burglengenfeld,Mittelfranken,Bayern,8,12.0417,49.2066
G241,Cham,Mittelfranken,Bayern,8,12.6621,49.2239
G242,Dachau,Mittelfranken,Bayern,8,11.4339,48.263
G243,Deggendorf,Mittelfranken,Bayern,8,12.9575,48.8409
G244,Dillingen an der Donau,Mittelfranken,Bayern,8,10.494,48.5791
G245,Dingolfing,Mittelfranken,Bayern,8,12.4852,48.6435
G246,Dinkelscherben,Mittelfranken,Bayern,8,10.5898,48.3476
G247,Donauworth,Mittelfranken,Bayern,8,10.7778,48.7186
G248,Durlach,Mittelfranken,Bayern,8,12.6144,47.7242
G249,Durrwangen,Mittelfranken,Bayern,8,10.385,49.1075
G250,Edenbergen,Mittelfranken,Bayern,8,10.8081,48.4247
G251,Eggenfelden,Mittelfranken,Bayern,8,12.7575,48.4051
G252,Eggenthal,Mittelfranken,Bayern,8,10.5099,47.914
G253,Erding,Mittelfranken,Bayern,8,11.9189,48.3115
G254,Essing,Mittelfranken,Bayern,8,11.7887,48.9352
G255,Feuchtwangen,Mittelfranken,Bayern,8,10.3298,49.1681
G256,Freising,Mittelfranken,Bayern,8,11.7412,48.4029
G257,Friedberg,Mittelfranken,Bayern,8,10.9865,48.356
G258,Fursteneck,Mittelfranken,Bayern,8,13.4622,48.7215
G259,Garmisch-Partenkirchen,Mittelfranken,Bayern,8,11.0955,47.4917
G260,Geisenfeld,Mittelfranken,Bayern,8,11.6119,48.6822
G261,Grafenau,Mittelfranken,Bayern,8,13.3946,48.8592
G262,Grossaitingen,Mittelfranken,Bayern,8,10.7777,48.2281
G263,Gundelfingen,Mittelfranken,Bayern,8,10.3695,48.5489
G264,Haag in Oberbayern,Mittelfranken,Bayern,8,12.1795,48.1619
G265,Haldenwang,Mittelfranken,Bayern,8,10.3476,47.8005
G266,Heideck,Mittelfranken,Bayern,8,11.1257,49.1341
G267,Hemau,Mittelfranken,Bayern,8,11.7833,49.0534
G268,Hengersberg,Mittelfranken,Bayern,8,13.0554,48.7703
G269,Hilpoltstein,Mittelfranken,Bayern,8,11.1886,49.1891
G270,Hochstadt an der Donau,Mittelfranken,Bayern,8,10.5672,48.6147
G271,Illertissen,Mittelfranken,Bayern,8,10.1013,48.2253
G272,Immenstadt,Mittelfranken,Bayern,8,10.2207,47.5592
G273,Ingolstadt,Mittelfranken,Bayern,8,11.4258,48.7665
G274,Irsee,Mittelfranken,Bayern,8,10.5716,47.9083
G275,Kallmunz,Mittelfranken,Bayern,8,11.9601,49.1611
G276,Kaltental,Mittelfranken,Bayern,8,10.75,47.9
G277,Kaufbeuren,Mittelfranken,Bayern,8,10.626,47.883
G278,Kelheim,Mittelfranken,Bayern,8,11.8866,48.9184
G279,Kempten,Mittelfranken,Bayern,8,10.3158,47.7286
G280,Kirchberg,Mittelfranken,Bayern,8,13.1822,48.8982
G281,Kosching,Mittelfranken,Bayern,8,11.5005,48.8126
G282,kotz,Mittelfranken,Bayern,8,10.2833,48.4167
G283,Kraftisried,Mittelfranken,Bayern,8,10.471,47.7794
G284,Kraiburg,Mittelfranken,Bayern,8,12.4313,48.1847
G285,Kranzberg,Mittelfranken,Bayern,8,11.6194,48.4063
G286,Kronburg,Mittelfranken,Bayern,8,10.1562,47.9042
G287,Krumbach,Mittelfranken,Bayern,8,10.3667,48.25
G288,Laaber,Mittelfranken,Bayern,8,11.8831,49.0683
G289,Landsberg am Lech,Mittelfranken,Bayern,8,10.8704,48.0508
G290,Landshut,Mittelfranken,Bayern,8,12.1469,48.5442
G291,Laufen,Mittelfranken,Bayern,8,12.9301,47.9347
G292,Lauingen,Mittelfranken,Bayern,8,10.43,48.5703
G293,Lengdorf,Mittelfranken,Bayern,8,12.0473,48.2578
G294,Leuchtenberg,Mittelfranken,Bayern,8,12.2589,49.5976
G295,Lindau,Mittelfranken,Bayern,8,9.67893,47.5798
G296,Mainburg,Mittelfranken,Bayern,8,11.7817,48.6431
G297,Markt Schwaben,Mittelfranken,Bayern,8,11.863,48.1909
G298,Marktoberdorf,Mittelfranken,Bayern,8,10.6158,47.7785
G299,Marktoffingen,Mittelfranken,Bayern,8,10.4713,48.9263
G300,Marquartstein,Mittelfranken,Bayern,8,12.4604,47.7614
G301,Memmingen,Mittelfranken,Bayern,8,10.1802,47.9838
G302,Miesbach,Mittelfranken,Bayern,8,11.8333,47.79
G303,Mindelheim,Mittelfranken,Bayern,8,10.4949,48.0462
G304,Mitterfels,Mittelfranken,Bayern,8,12.6804,48.976
G305,Monheim,Mittelfranken,Bayern,8,10.8537,48.8427
G306,Moosburg,Mittelfranken,Bayern,8,11.9359,48.4702
G307,Muhldorf,Mittelfranken,Bayern,8,12.522,48.2458
G308,Munich,Mittelfranken,Bayern,8,11.582,48.1351
G309,Murnau am Staffelsee,Mittelfranken,Bayern,8,11.2041,47.6775
G310,Nesselwang,Mittelfranken,Bayern,8,10.5037,47.6233
G311,Neuburg an der Donau,Mittelfranken,Bayern,8,11.1888,48.7303
G312,Neumarkt in der Oberpfalz,Mittelfranken,Bayern,8,11.4672,49.2773
G313,Neumarkt-Sankt Veit,Mittelfranken,Bayern,8,12.5061,48.3599
G314,Neuotting,Mittelfranken,Bayern,8,12.6896,48.2413
G315,Neustadt an der Donau,Mittelfranken,Bayern,8,11.7671,48.803
G316,Nordlingen,Mittelfranken,Bayern,8,10.4895,48.8508
G317,Nuremberg,Mittelfranken,Bayern,8,11.07675,49.45203
G318,Obergunzburg,Mittelfranken,Bayern,8,10.4206,47.8462
G319,Oettingen,Mittelfranken,Bayern,8,10.6021,48.9518
G320,Osterzell,Mittelfranken,Bayern,8,10.7446,47.8779
G321,Ottobeuren,Mittelfranken,Bayern,8,10.3007,47.941
G322,Pappenheim,Mittelfranken,Bayern,8,10.9682,48.9287
G323,Pfaffenhofen,Mittelfranken,Bayern,8,11.4977,48.5325
G324,Pfarrkirchen,Mittelfranken,Bayern,8,12.9396,48.419
G325,Pfronten,Mittelfranken,Bayern,8,10.55,47.5833
G326,Rain,Mittelfranken,Bayern,8,10.9209,48.6902
G327,Regen,Mittelfranken,Bayern,8,13.1284,48.9772
G328,Regensburg,Mittelfranken,Bayern,8,12.1016,49.0134
G329,Regenstauf,Mittelfranken,Bayern,8,12.1304,49.1218
G330,Reichenberg,Mittelfranken,Bayern,8,9.90714,49.7333
G331,Reichertshofen,Mittelfranken,Bayern,8,11.4678,48.657
G332,Rettenberg,Mittelfranken,Bayern,8,10.2922,47.5743
G333,Roding,Mittelfranken,Bayern,8,12.5223,49.1941
G334,Rosenheim,Mittelfranken,Bayern,8,12.1181,47.8571
G335,Rottenburg,Mittelfranken,Bayern,8,12.0294,48.7012
G336,Saldenburg,Mittelfranken,Bayern,8,13.3561,48.7737
G337,Salzweg,Mittelfranken,Bayern,8,13.4851,48.6148
G338,Schongau,Mittelfranken,Bayern,8,10.8943,47.815
G339,Schrobenhausen,Mittelfranken,Bayern,8,11.2631,48.5626
G340,Schwabmunchen,Mittelfranken,Bayern,8,10.7557,48.18
G341,Spalt,Mittelfranken,Bayern,8,10.9262,49.1746
G342,Starnberg,Mittelfranken,Bayern,8,11.339,48
G343,Straubing,Mittelfranken,Bayern,8,12.5802,48.8777
G344,Sulzbach-Rosenberg,Mittelfranken,Bayern,8,11.7554,49.497
G345,Sulzberg,Mittelfranken,Bayern,8,10.3481,47.661
G346,Tapfheim,Mittelfranken,Bayern,8,10.6854,48.6737
G347,Teisendorf,Mittelfranken,Bayern,8,12.8209,47.8493
G348,Thannhausen,Mittelfranken,Bayern,8,10.4675,48.2814
G349,Tittmoning,Mittelfranken,Bayern,8,12.7689,48.0581
G350,Traunstein,Mittelfranken,Bayern,8,12.6384,47.8678
G351,Trostberg,Mittelfranken,Bayern,8,12.5553,48.0252
G352,Turkenfeld,Mittelfranken,Bayern,8,11.083,48.1053
G353,Turkheim,Mittelfranken,Bayern,8,10.6428,48.0616
G354,Unterfohring,Mittelfranken,Bayern,8,11.646,48.1917
G355,Untermeitingen,Mittelfranken,Bayern,8,10.8115,48.1623
G356,Unterthingau,Mittelfranken,Bayern,8,10.5058,47.7713
G357,Velburg,Mittelfranken,Bayern,8,11.6704,49.2312
G358,Viechtach,Mittelfranken,Bayern,8,12.8832,49.0795
G359,Vilsbiburg,Mittelfranken,Bayern,8,12.3526,48.4509
G360,Vilshofen an der Donau,Mittelfranken,Bayern,8,13.1829,48.627
G361,Vohburg,Mittelfranken,Bayern,8,11.6227,48.766
G362,Wallerstein,Mittelfranken,Bayern,8,10.4738,48.8887
G363,Wasserburg am Bodensee,Mittelfranken,Bayern,8,9.6351,47.5786
G364,Wasserburg am Inn,Mittelfranken,Bayern,8,12.2245,48.0527
G365,Weiden in der Oberpfalz,Mittelfranken,Bayern,8,12.1489,49.6744
G366,Weilheim,Mittelfranken,Bayern,8,11.1421,47.8407
G367,Weissenhorn,Mittelfranken,Bayern,8,10.1561,48.3037
G368,Weitnau,Mittelfranken,Bayern,8,10.1258,47.6407
G369,Wemding,Mittelfranken,Bayern,8,10.7223,48.8722
G370,Wertingen,Mittelfranken,Bayern,8,10.6792,48.5618
G371,Wiesent,Mittelfranken,Bayern,8,12.3769,49.009
G372,Wittislingen,Mittelfranken,Bayern,8,10.4172,48.6187
G373,Wolfratshausen,Mittelfranken,Bayern,8,11.4274,47.9102
G374,Zoschingen,Mittelfranken,Bayern,8,10.3255,48.6736
G375,Zusmarshausen,Mittelfranken,Bayern,8,10.5995,48.3983
G376,Zwiesel,Mittelfranken,Bayern,8,13.2379,49.0178
G377,Landshut,Niederbayern,Bayern,8,12.146853,48.544192
G378,Straubing,Niederbayern,Bayern,8,12.5801538,48.8777333
G379,Burgrain,Oberbayern,Bayern,8,11.0997,47.5165
G380,Dachau,Oberbayern,Bayern,8,11.4339022,48.2629984
G381,Ebersberg,Oberbayern,Bayern,8,11.9669667,48.0780006
G382,Gerolfing,Oberbayern,Bayern,8,11.3488,48.7558
G383,Holzkirchen,Oberbayern,Bayern,8,11.6997577,47.8810573
G384,Ingolstadt,Oberbayern,Bayern,8,11.4257541,48.7665351
G385,NA,Oberbayern,Bayern,8,NA,NA
G386,Pfaffenhofen,Oberbayern,Bayern,8,11.4977392,48.5325215
G387,Bamberg,Oberfranken,Bayern,8,10.902764,49.898814
G388,Grossheirath,Oberfranken,Bayern,8,10.951,50.176
G389,Mainleus,Oberfranken,Bayern,8,11.3807,50.1014
G390,Lissenthan,Oberpfalz,Bayern,8,12.129,49.4468
G391,Regensburg,Oberpfalz,Bayern,8,12.1016236,49.0134297
G392,Waidhaus,Oberpfalz,Bayern,8,12.4962639,49.6417301
G393,Augsburg,Schwaben,Bayern,8,10.89779,48.3705449
G394,Barnstein,Schwaben,Bayern,8,10.5355,47.7059
G395,Burgau,Schwaben,Bayern,8,10.4108,48.4302
G396,Gremheim,Schwaben,Bayern,8,10.6477,48.6361
G397,Illerbeuren,Schwaben,Bayern,8,10.1267,47.9016
G398,Illereichen,Schwaben,Bayern,8,10.1213,48.1645
G399,Kempten,Schwaben,Bayern,8,10.315783,47.72857
G400,Leipheim,Schwaben,Bayern,8,10.2263059,48.4444121
G401,Leubas,Schwaben,Bayern,8,10.3371232,47.7637923
G402,Lindenberg,Schwaben,Bayern,8,9.88792,47.6034
G403,Martinszell,Schwaben,Bayern,8,10.2804,47.6257
G404,Memmingen,Schwaben,Bayern,8,10.1802,47.9838
G405,Mering,Schwaben,Bayern,8,10.9861,48.2654
G406,Nordlingen,Schwaben,Bayern,8,10.4894906,48.8508157
G407,Nordlingen,Schwaben,Bayern,8,10.4895,48.8508
G408,Oettingen in Bayern,Schwaben,Bayern,8,10.6021,48.9518
G409,Rain,Schwaben,Bayern,8,10.9208893,48.6901541
G410,Ritzisried,Schwaben,Bayern,8,10.2099,48.2175
G411,Sulzberg,Schwaben,Bayern,8,10.3480918,47.6609921
G412,Wallerstein,Schwaben,Bayern,8,10.4738,48.8887
G413,Weissenhorn,Schwaben,Bayern,8,10.1561,48.3037
G414,Wengen,Schwaben,Bayern,8,10.1466,47.6764
G415,Zusmarshasen,Schwaben,Bayern,8,10.5995405,48.3982617
G416,Bad Konigshofen,Unterfranken,Bayern,8,10.4662774,50.3013477
G417,Hochberg,Unterfranken,Bayern,8,9.88089,49.7822
G418,Lohr,Unterfranken,Bayern,8,9.57223,49.9892
G419,Triefenstein,Unterfranken,Bayern,8,9.6,49.8
G420,Wollbach,Unterfranken,Bayern,8,10.2236,50.365
G421,Wurzburg,Unterfranken,Bayern,8,9.9533548,49.7913044
G422,Berlin,Berlin,Berlin,8,13.404954,52.5200066
G423,Angermunde,Brandenburg,Brandenburg,8,13.996593,53.014542
G424,Frankfurt an der Oder,Brandenburg,Brandenburg,8,14.5505673,52.3472237
G425,Juterbog,Brandenburg,Brandenburg,8,13.0756312,51.9964734
G426,Kreuznach,Brandenburg,Brandenburg,8,12.795201,52.9345045
G427,Kyritz,Brandenburg,Brandenburg,8,12.3961712,52.9432288
G428,Prenzlau,Brandenburg,Brandenburg,8,13.8633409,53.3173433
G429,Rheinsberg,Brandenburg,Brandenburg,8,12.8974874,53.0983691
G430,Werben,Brandenburg,Brandenburg,8,14.1872086,51.8131059
G431,Wittstock,Brandenburg,Brandenburg,8,12.485556,53.163611
G432,Hamburg,Hamburg,Hamburg,8,9.9936818,53.5510846
G433,Birstein,Darmstadt,Hessen,8,9.30973,50.3541
G434,Brachttal,Darmstadt,Hessen,8,9.29778,50.3033
G435,Budingen,Darmstadt,Hessen,8,9.11138,50.2863
G436,Dreieich,Darmstadt,Hessen,8,8.69492,50.0295
G437,Erlensee,Darmstadt,Hessen,8,8.984,50.1639
G438,Florstadt,Darmstadt,Hessen,8,8.8666,50.3204
G439,Frankfurt am Main,Darmstadt,Hessen,8,8.6821267,50.1109221
G440,Gedern,Darmstadt,Hessen,8,9.19935,50.426
G441,Gelnhausen,Darmstadt,Hessen,8,9.18637,50.2046
G442,Ginsheim-Gustavsburg,Darmstadt,Hessen,8,8.33333,49.9833
G443,Gonsroth,Darmstadt,Hessen,8,NA,NA
G444,Grundau,Darmstadt,Hessen,8,9.11065,50.2023
G445,Hanau,Darmstadt,Hessen,8,8.9283105,50.1264123
G446,Hasselroth,Darmstadt,Hessen,8,9.1,50.1667
G447,Hitzkirchen,Darmstadt,Hessen,8,9.2532,50.3429
G448,Hochst,Darmstadt,Hessen,8,8.9950307,49.8007957
G449,Kefenrod,Darmstadt,Hessen,8,9.21083,50.3447
G450,Langen,Darmstadt,Hessen,8,8.6634,49.9915
G451,Limeshain,Darmstadt,Hessen,8,8.99056,50.2606
G452,Linsengericht,Darmstadt,Hessen,8,9.21667,50.1667
G453,Lorsch,Darmstadt,Hessen,8,8.5650614,49.6510898
G454,Meisenheim,Darmstadt,Hessen,8,NA,NA
G455,NA,Darmstadt,Hessen,8,NA,NA
G456,Neuberg,Darmstadt,Hessen,8,8.98333,50.2
G457,Niddatal,Darmstadt,Hessen,8,8.81362,50.2986
G458,Offenbach am Main,Darmstadt,Hessen,8,8.77608,50.0956
G459,Ortenberg,Darmstadt,Hessen,8,9.04902,50.3556
G460,Peterweil,Darmstadt,Hessen,8,NA,NA
G461,R?_sselsheim,Darmstadt,Hessen,8,8.4217,49.9888
G462,Rodenbach,Darmstadt,Hessen,8,9.06012,50.1313
G463,Rodenbergen,Darmstadt,Hessen,8,NA,NA
G464,Russelsheim,Darmstadt,Hessen,8,8.4217,49.9887
G465,Schonrain,Darmstadt,Hessen,8,NA,NA
G466,Steinau an der stasse,Darmstadt,Hessen,8,9.4512418,50.3166763
G467,Wachtersbach,Darmstadt,Hessen,8,9.29189,50.255
G468,Dillenburg,Giessen,Hessen,8,8.2807631,50.7452841
G469,Langgons,Giessen,Hessen,8,8.66667,50.5
G470,Limburg,Giessen,Hessen,8,8.07958,50.3986
G471,Rabenau,Giessen,Hessen,8,8.86582,50.6747
G472,Villmar,Giessen,Hessen,8,8.19504,50.3942
G473,Lichtenfels,Kassel,Hessen,8,8.8,51.15
G474,Poppenhausen,Kassel,Hessen,8,10.1419,50.1008
G475,Domitz,Mecklenburg-Vorpommern,Mecklenburg-Vorpommern,8,11.2699357,53.1358097
G476,Goldberg,Mecklenburg-Vorpommern,Mecklenburg-Vorpommern,8,12.0857297,53.5900958
G477,NA,Mecklenburg-Vorpommern,Mecklenburg-Vorpommern,8,NA,NA
G478,Neubrandenburg,Mecklenburg-Vorpommern,Mecklenburg-Vorpommern,8,13.2779269,53.5678292
G479,Stralsund,Mecklenburg-Vorpommern,Mecklenburg-Vorpommern,8,13.0770347,54.3090654
G480,Wolgast,Mecklenburg-Vorpommern,Mecklenburg-Vorpommern,8,13.7665592,54.0496018
G481,NA,NA,NA,8,NA,NA
G482,Braunschweig,Braunschweig,Niedersachsen,8,10.5267696,52.2688736
G483,Lutter am Barenberge,Braunschweig,Niedersachsen,8,10.2678979,51.9893213
G484,Sieveshausen,Braunschweig,Niedersachsen,8,9.655833,51.769722
G485,Wolfenbuttel,Braunschweig,Niedersachsen,8,10.5408484,52.1640413
G486,Hessisch Oldendorf,Hannover,Niedersachsen,8,9.2459403,52.1715493
G487,Hildesheim,Hannover,Niedersachsen,8,9.9579652,52.154778
G488,Rossing,Hannover,Niedersachsen,8,9.813056,52.183889
G489,Stade,Luneburg,Niedersachsen,8,9.4709494,53.5928618
G490,Jemgum,Weser-Ems,Niedersachsen,8,7.3849319,53.2682267
G491,Lingen,Weser-Ems,Niedersachsen,8,7.323279,52.52306
G492,Oldenburg,Weser-Ems,Niedersachsen,8,8.2145521,53.1434501
G493,Anrochte,Arnsberg,Nordrhein-Westfalen,8,8.32562,51.5622
G494,Arnsberg,Arnsberg,Nordrhein-Westfalen,8,8.05277,51.4073
G495,Attendorn,Arnsberg,Nordrhein-Westfalen,8,7.90494,51.1314
G496,Bad Fredeburg,Arnsberg,Nordrhein-Westfalen,8,8.31056,51.1914
G497,Balve,Arnsberg,Nordrhein-Westfalen,8,7.86462,51.3309
G498,Bilstein,Arnsberg,Nordrhein-Westfalen,8,8.02011,51.0943
G499,Drolshagen,Arnsberg,Nordrhein-Westfalen,8,7.77063,51.0245
G500,Finnentrop,Arnsberg,Nordrhein-Westfalen,8,7.97391,51.1736
G501,Hallenberg,Arnsberg,Nordrhein-Westfalen,8,8.61958,51.1127
G502,Marsberg,Arnsberg,Nordrhein-Westfalen,8,8.84746,51.4575
G503,Medebach,Arnsberg,Nordrhein-Westfalen,8,8.70034,51.2002
G504,Menden,Arnsberg,Nordrhein-Westfalen,8,7.79533,51.4377
G505,Meschede,Arnsberg,Nordrhein-Westfalen,8,8.28513,51.3511
G506,Olpe,Arnsberg,Nordrhein-Westfalen,8,7.85029,51.0282
G507,Padberg,Arnsberg,Nordrhein-Westfalen,8,8.76502,51.4055
G508,Schmallenberg,Arnsberg,Nordrhein-Westfalen,8,8.29079,51.1526
G509,Siegen,Arnsberg,Nordrhein-Westfalen,8,8.0209591,50.8838492
G510,Sundern,Arnsberg,Nordrhein-Westfalen,8,8.00351,51.3254
G511,Warstein,Arnsberg,Nordrhein-Westfalen,8,8.35577,51.4492
G512,Werl,Arnsberg,Nordrhein-Westfalen,8,7.91144,51.5584
G513,Winterberg,Arnsberg,Nordrhein-Westfalen,8,8.52758,51.1935
G514,Buren,Detmold,Nordrhein-Westfalen,8,8.55977,51.5509
G515,Paderborn,Detmold,Nordrhein-Westfalen,8,8.7575093,51.7189205
G516,Vlotho,Detmold,Nordrhein-Westfalen,8,8.8560945,52.1605973
G517,Angermund,Dusseldorf,Nordrhein-Westfalen,8,6.7734556,51.2277411
G518,Goch,Dusseldorf,Nordrhein-Westfalen,8,6.1565522,51.679984
G519,Kempen,Dusseldorf,Nordrhein-Westfalen,8,6.4205309,51.3649942
G520,Mulheim,Dusseldorf,Nordrhein-Westfalen,8,6.8845226,51.4185682
G521,Neuss,Dusseldorf,Nordrhein-Westfalen,8,6.6879511,51.2041968
G522,Ratingen,Dusseldorf,Nordrhein-Westfalen,8,6.8401844,51.2964148
G523,Rheinberg,Dusseldorf,Nordrhein-Westfalen,8,6.5899097,51.5460798
G524,Wesel,Dusseldorf,Nordrhein-Westfalen,8,6.6295679,51.6643079
G525,Aachen,Koln,Nordrhein-Westfalen,8,6.0838868,50.7753455
G526,Aachen,Koln,Nordrhein-Westfalen,8,6.0838868,50.7753455
G527,Bergheim,Koln,Nordrhein-Westfalen,8,6.6555022,50.9451945
G528,Bonn,Koln,Nordrhein-Westfalen,8,7.0982068,50.73743
G529,Cologne,Koln,Nordrhein-Westfalen,8,6.9602786,50.937531
G530,Julich,Koln,Nordrhein-Westfalen,8,6.3639119,50.9224226
G531,Stadtlohn,Munster,Nordrhein-Westfalen,8,6.9137972,51.9920909
G532,Pfeddersheim,Rheinland-Pfalz,Rheinhessen-Pfalz,8,8.273839,49.6372769
G533,Landau,Koblenz,Rheinland-Pfalz,8,8.11856,49.1989
G534,NA,Koblenz,Rheinland-Pfalz,8,NA,NA
G535,Rothenbach,Koblenz,Rheinland-Pfalz,8,7.9014677,50.5650804
G536,Holzhausen,NA,Rheinland-Pfalz,8,NA,NA
G537,Landstuhl,NA,Rheinland-Pfalz,8,7.5709052,49.4141464
G538,Monsheim,NA,Rheinland-Pfalz,8,NA,NA
G539,Schill-berg,NA,Rheinland-Pfalz,8,NA,NA
G540,Weselberg,NA,Rheinland-Pfalz,8,NA,NA
G541,Winningen,NA,Rheinland-Pfalz,8,NA,NA
G542,Frankenthal,Rheinhessen-Pfalz,Rheinland-Pfalz,8,8.35,49.533333
G543,Landstuhl,Rheinhessen-Pfalz,Rheinland-Pfalz,8,7.5709052,49.4141464
G544,Mainz,Rheinhessen-Pfalz,Rheinland-Pfalz,8,8.2472526,49.9928617
G545,Nieder-Hauenstein,Rheinhessen-Pfalz,Rheinland-Pfalz,8,7.845749,49.193323
G546,Pfeddersheim,Rheinhessen-Pfalz,Rheinland-Pfalz,8,8.273839,49.6372769
G547,Bitburg,Trier,Rheinland-Pfalz,8,6.52986,49.9664
G548,NA,Trier,Rheinland-Pfalz,8,NA,NA
G549,Trier,Trier,Rheinland-Pfalz,8,6.6371433,49.749992
G550,Homburg,Saarland,Saarland,8,7.33984,49.3296
G551,Merzig,Saarland,Saarland,8,6.64378,49.449
G552,Rehlingen-Siersburg,Saarland,Saarland,8,6.66652,49.3604
G553,Uberherrn,Saarland,Saarland,8,6.70061,49.2392
G554,Wallerfangen,Saarland,Saarland,8,6.71283,49.3276
G555,Chemnitz,Chemnitz,Sachsen,8,12.9213697,50.827845
G556,Frankenberg,Chemnitz,Sachsen,8,13.0404029,50.9090361
G557,Plauen,Chemnitz,Sachsen,8,12.1368679,50.4976133
G558,Zwickau,Chemnitz,Sachsen,8,12.4733725,50.7102169
G559,Bautzen,Dresden,Sachsen,8,14.4237749,51.182293
G560,Leipzig,Leipzig,Sachsen,8,12.37307,51.3397
G561,NA,NA,Sachsen,8,NA,NA
G562,Dessau-Rosslau,Dessau,Sachsen-Anhalt,8,12.24245,51.82224
G563,Wittenberg,Dessau,Sachsen-Anhalt,8,12.6279659,51.8739831
G564,Lutzen,Halle,Sachsen-Anhalt,8,12.1417687,51.2558562
G565,Magdeburg,Magdeburg,Sachsen-Anhalt,8,11.6276237,52.1205333
G566,NA,Magdeburg,Sachsen-Anhalt,8,NA,NA
G567,Groningen,NA,Sachsen-Anhalt,8,NA,NA
G568,Hecklingen,NA,Sachsen-Anhalt,8,NA,NA
G569,Fehmarn,Schleswig-Holstein,Schleswig-Holstein,8,11.1337406,54.4600619
G570,Gluckstadt,Schleswig-Holstein,Schleswig-Holstein,8,9.4260898,53.7911914
G571,Heiligenhafen,Schleswig-Holstein,Schleswig-Holstein,8,10.97561,54.3696799
G572,Bad Frankenhausen,Thuringen,Thuringen,8,11.1016361,51.3561014
G573,Muhlberg,Thuringen,Thuringen,8,10.824167,50.8675
G573,Brieisach,Freiburg,Baden-Wurttemberg,8,7.5836067,48.0348382
G574,Mittelfranken,Mittelfranken,Bayern,8,11.07675,49.45203
H0,NA,NA,NA,9,NA,NA
IR0,Bunratty,NA,Clare,10,-8.8111283,52.698874
IR1,Kilrush,NA,Clare,10,-9.4859374,52.6406999
IR2,Bandon,NA,Cork,10,-8.7318174,51.746124
IR3,Cork,NA,Cork,10,-8.4863157,51.8968917
IR4,Fermoy,NA,Cork,10,-8.2755611,52.1393605
IR5,Knocknanuss,NA,Cork,10,-8.8663731,51.6880388
IR6,Liscarroll,NA,Cork,10,-8.8041682,52.2600757
IR7,Macroom,NA,Cork,10,-8.9588478,51.9048039
IR8,NA,NA,Cork,10,NA,NA
IR9,Youghal,NA,Cork,10,-7.8471707,51.9542704
IR10,Donegal,NA,Donegal,10,-8.110546,54.6541972
IR11,Dublin,NA,Dublin,10,-6.2603097,53.3498053
IR12,Galway,NA,Galway,10,-9.0567905,53.270668
IR13,NA,NA,Kilkenny,10,NA,NA
IR14,Limerick,NA,Limerick,10,-8.6304975,52.6680204
IR15,Drogheda,NA,Louth,10,-6.3560985,53.717856
IR16,Julianstown,NA,Meath,10,-6.285651,53.6729374
IR17,Summerhill,NA,Meath,10,-6.7325147,53.4813655
IR18,Rathlin Island,Antrim,Northern Ireland,10,-6.20728,55.297949
IR19,Armagh,Armagh,Northern Ireland,10,-6.652792,54.3502798
IR20,Londonderry,Derry,Northern Ireland,10,-7.3085748,54.9966124
IR21,Benburb,Dungannon,Northern Ireland,10,-6.74394,54.41178
IR22,Lisburn,Lisburn,Northern Ireland,10,-6.0580106,54.516246
IR23,Newry,Newry and Mourne,Northern Ireland,10,-6.3402299,54.1751024
IR24,Clonmel,NA,Tipperary,10,-7.6902551,52.3558172
IR25,Waterford,NA,Waterford,10,-7.129167,52.256667
IR26,Duncannon,NA,Wexford,10,-6.9316371,52.2255552
IR27,Old Ross,NA,Wexford,10,-6.82663,52.39195
IR28,Wexford,NA,Wexford,10,-6.4633381,52.336916
IT0,Bologna,Bologna,Emilia-Romagna,11,11.3426163,44.494887
IT1,Ferrara,Ferrara,Emilia-Romagna,11,11.619787,44.8381237
IT2,Modena,Modena,Emilia-Romagna,11,10.9200867,44.6488366
IT3,Parma,Parma,Emilia-Romagna,11,10.3279036,44.801485
IT4,Rome,Roma,Lazio,11,12.4963655,41.9027835
IT5,Brescia,Brescia,Lombardia,11,10.2118019,45.5415526
IT6,Edolo,Brescia,Lombardia,11,10.3298933,46.1804266
IT7,Villabuona,Brescia,Lombardia,11,9.9181521,45.355516
IT8,Como,Como,Lombardia,11,9.085176,45.80806
IT9,Cremona,Cremona,Lombardia,11,10.0226511,45.133249
IT10,Mantua,Mantua,Lombardia,11,10.7913751,45.1564168
IT11,Milan,Milano,Lombardia,11,9.1859243,45.4654219
IT12,Brema,Pavia,Lombardia,11,8.6304529,45.1330057
IT13,Bormio,Sondrio,Lombardia,11,10.3704671,46.4663571
IT14,Tornavento,Varese,Lombardia,11,8.7097632,45.5813483
IT15,Ancona,Ancona,Marche,11,13.518915,43.6158299
IT16,NA,NA,NA,11,NA,NA
IT17,Casale Monferrato,Alessandria,Piemonte,11,8.450503,45.1316088
IT18,Novara,Novara,Piemonte,11,8.6221612,45.44693
IT19,Avigliana,Torino,Piemonte,11,7.4016896,45.076291
IT20,Chieri,Torino,Piemonte,11,7.8275551,45.008885
IT21,NA,Torino,Piemonte,11,NA,NA
IT22,Turin,Torino,Piemonte,11,7.6868565,45.070312
IT23,Florence,Florence,Toscana,11,11.255814,43.76956
IT24,Isola del Giglio,Grosseto,Toscana,11,10.901604,42.353631
IT25,Orbetello,Grosseto,Toscana,11,11.2124083,42.4396474
IT26,Porto Azzurro,Livorno,Toscana,11,10.3947803,42.7632329
IT27,Pisa,Pisa,Toscana,11,10.4016888,43.7228386
IT28,Siena,Siena,Toscana,11,11.3307574,43.318809
IT29,Brixen,Bolzano,Trentino-Alto Adige,11,11.657244,46.717705
IT30,Salurn,Bolzano,Trentino-Alto Adige,11,11.21819,46.239346
IT31,NA,Perugia,Umbria,11,NA,NA
IT32,Perugia,Perugia,Umbria,11,12.3908279,43.1107168
IT33,Todi,Perugia,Umbria,11,12.4065686,42.7819352
IT34,Portogruaro,Venezia,Veneto,11,12.837399,45.780576
IT35,Venice,Venezia,Veneto,11,12.315515,45.440847
IT36,Monte Baldo,Verona,Veneto,11,10.7730519,45.5670961
LU0,Grevenmacher,Grevenmacher,Grevenmacher,12,6.44076,49.6808
LU1,Remich,Remich,Grevenmacher,12,6.36742,49.545
LU2,Luxembourg,Luxembourg,Luxembourg,12,6.13193,49.6116
LU3,NA,NA,NA,12,NA,NA
NE0,Schokland,Noordoostpolder,Flevoland,13,NA,NA
NE1,Kollum,Kollumerland c.a.,Friesland,13,6.1477459,53.2801424
NE2,Terschelling,Terschelling,Friesland,13,NA,NA
NE3,Vlieland,Vlieland,Friesland,13,NA,NA
NE4,Bredevoort,Aalten,Gelderland,13,6.6184985,51.9421422
NE5,Buren,Buren,Gelderland,13,5.3340584,51.9103889
NE6,Groenlo,Groenlo,Gelderland,13,6.6113711,52.0419627
NE7,NA,NA,Gelderland,13,NA,NA
NE8,Putten,Putten,Gelderland,13,5.6053727,52.258676
NE9,Zutphen,Warnsveld,Gelderland,13,6.1960584,52.142736
NE10,Groningen,Groningen,Groningen,13,6.5665018,53.2193835
NE11,Heiligerlee,Reiderland,Groningen,13,7.0118901,53.1549624
NE12,Venlo,Arcen en Velden,Limburg,13,6.1724031,51.3703748
NE13,Maastricht,Maastricht,Limburg,13,5.6909725,50.8513682
NE14,Mook en Middelaar,Mook en Middelaar,Limburg,13,5.8962161,51.7521696
NE15,NA,NA,NA,13,NA,NA
NE16,Drongelen,Aalburg,Noord-Brabant,13,NA,NA
NE17,Bergen op Zoom,Bergen op Zoom,Noord-Brabant,13,4.2871622,51.4945758
NE18,Breda,Breda,Noord-Brabant,13,4.7769505,51.58307
NE19,Eindhoven,Eindhoven,Noord-Brabant,13,5.4697225,51.441642
NE20,Geertruidenberg,Geertruidenberg,Noord-Brabant,13,NA,NA
NE21,Grave,Grave,Noord-Brabant,13,5.7383579,51.7589248
NE22,Heusden,Heusden,Noord-Brabant,13,NA,NA
NE23,s-Hertogenbosch,'s-Hertogenbosch,Noord-Brabant,13,5.3036748,51.6978162
NE24,Steenbergen,Steenbergen,Noord-Brabant,13,4.3155991,51.5812395
NE25,Werkendam,Werkendam,Noord-Brabant,13,NA,NA
NE26,Aalsmeer,Aalsmeer,Noord-Holland,13,NA,NA
NE27,Alkmaar,Alkmaar,Noord-Holland,13,4.7533754,52.6323813
NE28,Amsterdam,Amsterdam,Noord-Holland,13,NA,NA
NE29,Ijsselmeer,Andijk,Noord-Holland,13,5.3235903,52.7978321
NE30,Barsingerhorn,Anna Paulowna,Noord-Holland,13,NA,NA
NE31,Bennebroek,Bennebroek,Noord-Holland,13,NA,NA
NE32,Bergen,Bergen,Noord-Holland,13,NA,NA
NE33,Beverwijk,Beverwijk,Noord-Holland,13,NA,NA
NE34,Wijk aan Zee,Beverwijk,Noord-Holland,13,NA,NA
NE35,Schellinkhout,Drechterland,Noord-Holland,13,NA,NA
NE36,Edam,Edam-Volendam,Noord-Holland,13,NA,NA
NE37,Enkhuizen,Enkhuizen,Noord-Holland,13,NA,NA
NE38,Haarlem,Haarlem,Noord-Holland,13,4.6462194,52.3873878
NE39,Heemstede,Heemstede,Noord-Holland,13,NA,NA
NE40,Heiloo,Heiloo,Noord-Holland,13,NA,NA
NE41,Hoorn,Hoorn,Noord-Holland,13,NA,NA
NE42,Huizen,Huizen,Noord-Holland,13,NA,NA
NE43,Medemblik,Medemblik,Noord-Holland,13,5.1069179,52.7674467
NE44,Muiden,Muiden,Noord-Holland,13,NA,NA
NE45,Naarden,Naarden,Noord-Holland,13,5.1604238,52.2952549
NE46,Purmerend,Purmerend,Noord-Holland,13,NA,NA
NE47,Krabbendam,Schagen,Noord-Holland,13,NA,NA
NE48,Watergang,Waterland,Noord-Holland,13,NA,NA
NE49,Abbekerk,Wognum,Noord-Holland,13,NA,NA
NE50,Deventer,Bathmen,Overijssel,13,6.1552165,52.2660751
NE51,Enschede,Enschede,Overijssel,13,6.8936619,52.2215372
NE52,Hardenberg,Hardenberg,Overijssel,13,6.6166947,52.5754084
NE53,Oldenzaal,Oldenzaal,Overijssel,13,6.9268283,52.3116551
NE54,Steenwijk,Steenwijkerland,Overijssel,13,6.1180686,52.7868939
NE55,Lange Linschoten,Oudewater,Utrecht,13,NA,NA
NE56,Oudewater,Oudewater,Utrecht,13,NA,NA
NE57,Utrecht,Utrecht,Utrecht,13,5.1214201,52.0907374
NE58,Walcheren,Utrecht,Utrecht,13,5.1369542,52.0604289
NE59,Woerden,Woerden,Utrecht,13,NA,NA
NE60,Borssele,Borsele,Zeeland,13,3.73367,51.4257
NE61,Goes,Goes,Zeeland,13,3.89113,51.5046
NE62,Hulst,Hulst,Zeeland,13,4.0548869,51.2806907
NE63,Middelburg,Middelburg,Zeeland,13,3.610998,51.4987962
NE64,Reimerswaal,Reimerswaal,Zeeland,13,4.15445,51.41
NE65,Reimerswaal,Reimerswaal,Zeeland,13,4.1544478,51.4100025
NE66,Ouwerkerk,Schouwen-Duiveland,Zeeland,13,3.98342,51.626
NE67,Zierikzee,Schouwen-Duiveland,Zeeland,13,3.9184977,51.6501218
NE68,Breskens,Sluis,Zeeland,13,3.55588,51.3945
NE69,Sluis,Sluis,Zeeland,13,3.3879195,51.3086558
NE70,Axel,Terneuzen,Zeeland,13,3.9094234,51.2668789
NE71,Biervliet,Terneuzen,Zeeland,13,3.6856,51.3286
NE72,Hoek,Terneuzen,Zeeland,13,3.78072,51.3117
NE73,Sas Van Gent,Terneuzen,Zeeland,13,3.7999937,51.2276878
NE74,Scherpenisse,Tholen,Zeeland,13,4.10403,51.5463
NE75,Sint-Annaland,Tholen,Zeeland,13,4.10332,51.5999
NE76,Sint-Maartensdijk,Tholen,Zeeland,13,4.07672,51.5491
NE77,Tholen,Tholen,Zeeland,13,4.2162383,51.5332946
NE78,Domburg,Veere,Zeeland,13,3.49986,51.5635
NE79,Veere,Veere,Zeeland,13,3.66601,51.5483
NE80,Vrouwenpolder,Veere,Zeeland,13,3.61875,51.5773
NE81,Vlissingen,Vlissingen,Zeeland,13,3.5709125,51.4536672
NE82,Bergambacht,Bergambacht,Zuid-Holland,13,NA,NA
NE83,Oudenhhorn,Bernisse,Zuid-Holland,13,NA,NA
NE84,Brielle,Brielle,Zuid-Holland,13,4.1636846,51.902582
NE85,Zwartewaal,Brielle,Zuid-Holland,13,NA,NA
NE86,Delft,Delft,Zuid-Holland,13,NA,NA
NE87,Goedereede,Dirksland,Zuid-Holland,13,NA,NA
NE88,Ooltgensplaat,Dirksland,Zuid-Holland,13,NA,NA
NE89,Dordrecht,Dordrecht,Zuid-Holland,13,4.690093,51.813298
NE90,Arkel,Giessenlanden,Zuid-Holland,13,NA,NA
NE91,Gorinchem,Gorinchem,Zuid-Holland,13,NA,NA
NE92,Gouda,Gouda,Zuid-Holland,13,4.7104633,52.0115205
NE93,Gouda,Gouda,Zuid-Holland,13,NA,NA
NE94,Hardinxveld-Giessendam,Hardinxveld-Giessendam,Zuid-Holland,13,NA,NA
NE95,Hellevoetsluis,Hellevoetsluis,Zuid-Holland,13,NA,NA
NE96,Hendrik-Ido-Ambacht,Hendrik-Ido-Ambacht,Zuid-Holland,13,NA,NA
NE97,Leimuiden,Jacobswoude,Zuid-Holland,13,NA,NA
NE98,Haastrecht,Krimpen aan den IJssel,Zuid-Holland,13,NA,NA
NE99,Leiden,Leiden,Zuid-Holland,13,4.4970097,52.1601144
NE100,Voorburg,Leidschendam-Voorburg,Zuid-Holland,13,NA,NA
NE101,Langerak,Liesveld,Zuid-Holland,13,NA,NA
NE102,Maassluis,Maassluis,Zuid-Holland,13,NA,NA
NE103,Moordrecht,Moordrecht,Zuid-Holland,13,NA,NA
NE104,Zevenhuizen,Moordrecht,Zuid-Holland,13,NA,NA
NE105,Groot-Ammers,Nieuw-Lekkerland,Zuid-Holland,13,NA,NA
NE106,Molenwaard,Nieuw-Lekkerland,Zuid-Holland,13,NA,NA
NE107,Noordwijk,Noordwijk,Zuid-Holland,13,NA,NA
NE108,Ridderkerk,Ridderkerk,Zuid-Holland,13,NA,NA
NE109,Rijsoord,Ridderkerk,Zuid-Holland,13,NA,NA
NE110,Rotterdam,Rotterdam,Zuid-Holland,13,NA,NA
NE111,Schiedam,Schiedam,Zuid-Holland,13,NA,NA
NE112,Midden-Delfland,Schipluiden,Zuid-Holland,13,NA,NA
NE113,Schoonhoven,Schoonhoven,Zuid-Holland,13,4.8432204,51.9525204
NE114,Mijnsheerenland,'s-Gravendeel,Zuid-Holland,13,NA,NA
NE115,The Hague,'s-Gravenhage,Zuid-Holland,13,NA,NA
NE116,Spijkenisse,Spijkenisse,Zuid-Holland,13,NA,NA
NE117,Vlaardingen,Vlaardingen,Zuid-Holland,13,NA,NA
NE118,s-Gravenzande,Wateringen,Zuid-Holland,13,NA,NA
NE119,Zwijndrecht,Zwijndrecht,Zuid-Holland,13,NA,NA
NO0,NA,NA,NA,14,NA,NA
PO0,Poznan,Poznan City,Greater Poland,15,16.9251681,52.406374
PO1,Klodzko,Klodzko,Lower Silesian,15,16.6613941,50.4345636
PO2,Legnica,Legnica,Lower Silesian,15,16.1553231,51.2070067
PO3,Swidnica,Swidnica,Lower Silesian,15,16.475679,50.849843
PO4,Breslau,Wroclaw,Lower Silesian,15,17.0385376,51.1078852
PO5,Braunsberg,Braniewo,Warmian-Masurian,15,19.8200536,54.3797128
POR0,Cape St. Vincent,Vila do Bispo,Faro,16,-8.9964565,37.0230468
SP0,Cabo de Gata,Almeria,Andalucia,17,-2.2422484,36.7817465
SP1,Miranda de Ebro,Burgos,Castilla y Leon,17,-2.94507,42.687
SP2,Barcelona,Barcelona,Cataluna,17,2.1734035,41.3850639
SP3,Vic,Barcelona,Cataluna,17,2.2544335,41.9304373
SP4,Rosas,Girona,Cataluna,17,3.208099,42.26052
SP5,Lleida,Lleida,Cataluna,17,0.6200146,41.6175899
SP6,Arribe,Navarra,Comunidad Foral de Navarra,17,-1.98387,43.0357
SP7,Bera,Navarra,Comunidad Foral de Navarra,17,-1.683,43.2809
SP8,Donamaria,Navarra,Comunidad Foral de Navarra,17,-1.67334,43.1119
SP9,Doneztebe,Navarra,Comunidad Foral de Navarra,17,-1.67182,43.1329
SP10,Erratzu,Navarra,Comunidad Foral de Navarra,17,-1.45679,43.1823
SP11,Etxalar,Navarra,Comunidad Foral de Navarra,17,-1.63782,43.2338
SP12,Igantzi,Navarra,Comunidad Foral de Navarra,17,-1.70098,43.2256
SP13,Legasa,Navarra,Comunidad Foral de Navarra,17,-1.64458,43.13
SP14,Lesaka,Navarra,Comunidad Foral de Navarra,17,-1.70219,43.2474
SP15,Lezaeta,Navarra,Comunidad Foral de Navarra,17,-1.95528,43.0272
SP16,Pamplona,Navarra,Comunidad Foral de Navarra,17,-1.64577,42.8125
SP17,Sunbilla,Navarra,Comunidad Foral de Navarra,17,-1.6706,43.1644
SP18,Tafalla,Navarra,Comunidad Foral de Navarra,17,-1.67768,42.5268
SP19,Zubieta,Navarra,Comunidad Foral de Navarra,17,-1.74232,43.1246
SP20,Zugarramurdi,Navarra,Comunidad Foral de Navarra,17,-1.53993,43.2699
SP21,Gibraltar,NA,NA,17,-5.353585,36.140751
SP22,Alegria-Dulantzi,Alava,Pais Vasco,17,-2.51268,42.841
SP23,Bastida,Alava,Pais Vasco,17,-2.79566,42.5899
SP24,Eguino Entitatea,Alava,Pais Vasco,17,-2.25385,42.8641
SP25,Andoain,Guipuzcoa,Pais Vasco,17,-2.0212,43.2186
SP26,Errenteria,Guipuzcoa,Pais Vasco,17,-1.89128,43.3081
SP27,Fuenterrabia,Guipuzcoa,Pais Vasco,17,-1.8001488,43.3708434
SP28,Gaztelu,Guipuzcoa,Pais Vasco,17,-2.02395,43.116
SP29,Hondarribia,Guipuzcoa,Pais Vasco,17,-1.80015,43.3708
SP30,San Sebastian,Guipuzcoa,Pais Vasco,17,-1.98123,43.3183
SP31,Urnieta,Guipuzcoa,Pais Vasco,17,-1.99223,43.2476
SWE0,NA,Karlskrona,Blekinge,18,NA,NA
SWE1,NA,NA,Blekinge,18,NA,NA
SWE2,NA,Ronneby,Blekinge,18,NA,NA
SWE3,NA,Halmstad,Halland,18,NA,NA
SWE4,NA,NA,Halland,18,NA,NA
SWE5,NA,Varberg,Halland,18,NA,NA
SWE6,NA,Eksjo,Jonkoping,18,NA,NA
SWE7,NA,Jonkoping,Jonkoping,18,NA,NA
SWE8,NA,NA,Jonkoping,18,NA,NA
SWE9,NA,Borgholm,Kalmar,18,NA,NA
SWE10,NA,Kalmar,Kalmar,18,NA,NA
SWE11,NA,Morbylanga,Kalmar,18,NA,NA
SWE12,NA,NA,Kalmar,18,NA,NA
SWE13,NA,Vastervik,Kalmar,18,NA,NA
SWE14,NA,Vimmerby,Kalmar,18,NA,NA
SWE15,NA,NA,Kronoberg,18,NA,NA
SWE16,NA,Vaxjo,Kronoberg,18,NA,NA
SWE17,NA,Finspang,Ostergotland,18,NA,NA
SWE18,NA,Linkoping,Ostergotland,18,NA,NA
SWE19,NA,Mjolby,Ostergotland,18,NA,NA
SWE20,NA,NA,Ostergotland,18,NA,NA
SWE21,NA,Norrkoping,Ostergotland,18,NA,NA
SWE22,NA,Soderkoping,Ostergotland,18,NA,NA
SWE23,NA,Vadstena,Ostergotland,18,NA,NA
SWE24,NA,Lund,Skane,18,NA,NA
SWE25,NA,Malmo,Skane,18,NA,NA
SWE26,NA,NA,Skane,18,NA,NA
SWE27,NA,Simrishamn,Skane,18,NA,NA
SWE28,NA,Ystad,Skane,18,NA,NA
SWE29,NA,Karlstad,Varmland,18,NA,NA
SWE30,NA,Kristinehamn,Varmland,18,NA,NA
SWE31,NA,NA,Varmland,18,NA,NA
SWE32,NA,Saffle,Varmland,18,NA,NA
SWE33,NA,Amal,Vastra Gotaland,18,NA,NA
SWE34,NA,Boras,Vastra Gotaland,18,NA,NA
SWE35,NA,Falkoping,Vastra Gotaland,18,NA,NA
SWE36,NA,Lidkoping,Vastra Gotaland,18,NA,NA
SWE37,NA,Lysekil,Vastra Gotaland,18,NA,NA
SWE38,NA,Mariestad,Vastra Gotaland,18,NA,NA
SWE39,NA,Munkedal,Vastra Gotaland,18,NA,NA
SWE40,NA,NA,Vastra Gotaland,18,NA,NA
SWE41,NA,Skara,Vastra Gotaland,18,NA,NA
SWE42,NA,Tanum,Vastra Gotaland,18,NA,NA
SWE43,NA,Uddevalla,Vastra Gotaland,18,NA,NA
SWI0,Baden,Baden,Aargau,19,8.30809,47.47288
SWI1,Habsburg,Brugg,Aargau,19,8.18606,47.4622
SWI2,Villigen,Brugg,Aargau,19,8.21475,47.5269
SWI3,NA,Laufenburg,Aargau,19,NA,NA
SWI4,NA,NA,Aargau,19,NA,NA
SWI5,NA,NA,Appenzell,19,NA,NA
SWI6,NA,Appenzell Ausserrhoden,Appenzell Ausserrhoden,19,NA,NA
SWI7,Liestal,Liestal,Basel-Landschaft,19,7.7395731,47.481606
SWI8,NA,NA,Basel-Landschaft,19,NA,NA
SWI9,Basel,Basel,Basel-Stadt,19,7.5975507,47.5674422
SWI10,NA,NA,Basel-Stadt,19,NA,NA
SWI11,Bern,Bern,Bern,19,7.4446085,46.9479222
SWI12,Biel,Biel,Bern,19,7.2437727,47.1401866
SWI13,Erlach,Erlach,Bern,19,7.09682,47.0435
SWI14,NA,NA,Bern,19,NA,NA
SWI15,NA,Niedersimmental,Bern,19,NA,NA
SWI16,Fribourg,La Sarine,Fribourg,19,7.1455683,46.8016663
SWI17,Murten,Lac,Fribourg,19,7.1204652,46.9293433
SWI18,NA,NA,Fribourg,19,NA,NA
SWI19,Geneva,Geneve,Geneve,19,6.1422961,46.1983922
SWI20,NA,Geneve,Geneve,19,NA,NA
SWI21,NA,Glarus,Glarus,19,NA,NA
SWI22,NA,Bernina,Graubunden,19,NA,NA
SWI23,NA,Hinterrhein,Graubunden,19,NA,NA
SWI24,NA,Maloja,Graubunden,19,NA,NA
SWI25,NA,Moesa,Graubunden,19,NA,NA
SWI26,NA,Plessur,Graubunden,19,NA,NA
SWI27,NA,Prattigau/Davos,Graubunden,19,NA,NA
SWI28,NA,Surselva,Graubunden,19,NA,NA
SWI29,NA,NA,Lucerne,19,NA,NA
SWI30,NA,Sursee,Lucerne,19,NA,NA
SWI31,NA,Willisau,Lucerne,19,NA,NA
SWI32,Willisau,Willisau,Lucerne,19,7.9924888,47.1211763
SWI33,NA,NA,NA,19,NA,NA
SWI34,Boudry,Boudry,Neuchatel,19,6.847841,46.954292
SWI35,Colombier,Boudry,Neuchatel,19,6.85897,46.9669
SWI36,Gorgier,Boudry,Neuchatel,19,6.78062,46.9032
SWI37,NA,NA,Neuchatel,19,NA,NA
SWI38,Le Landeron,Neuchatel,Neuchatel,19,7.06732,47.056
SWI39,Neuchatel,Neuchatel,Neuchatel,19,6.93193,46.993
SWI40,Thielle-Wavre,Neuchatel,Neuchatel,19,7.02123,47.0254
SWI41,Valangin,Val-de-Ruz,Neuchatel,19,6.90646,47.0162
SWI42,Fleurier,Val-de-Travers,Neuchatel,19,6.58495,46.9019
SWI43,NA,Nidwalden,Nidwalden,19,NA,NA
SWI44,NA,Obwalden,Obwalden,19,NA,NA
SWI45,NA,NA,Sankt Gallen,19,NA,NA
SWI46,NA,See-Gaster,Sankt Gallen,19,NA,NA
SWI47,NA,Toggenburg,Sankt Gallen,19,NA,NA
SWI48,Stein am Rhein,Schaffhausen,Schaffhausen,19,8.8591583,47.658735
SWI49,NA,NA,Schwyz,19,NA,NA
SWI50,NA,NA,Solothurn,19,NA,NA
SWI51,Olten,Olten,Solothurn,19,7.9023989,47.3499979
SWI52,NA,Solothurn,Solothurn,19,NA,NA
SWI53,Busserach,Thierstein,Solothurn,19,7.54103,47.3927
SWI54,NA,NA,Thurgau,19,NA,NA
SWI55,Faido,Leventina,Ticino,19,8.79848,46.47855
SWI56,NA,Leventina,Ticino,19,NA,NA
SWI57,Locarno,Locarno,Ticino,19,8.7889791,46.1679583
SWI58,NA,Locarno,Ticino,19,NA,NA
SWI59,Lugano,Lugano,Ticino,19,8.7889791,46.1679583
SWI60,NA,Lugano,Ticino,19,NA,NA
SWI61,NA,Riviera,Ticino,19,NA,NA
SWI62,NA,Vallemaggia,Ticino,19,NA,NA
SWI63,NA,Uri,Uri,19,NA,NA
SWI64,Conthey,Conthey,Valais,19,7.3035589,46.2242699
SWI65,NA,NA,Valais,19,NA,NA
SWI66,NA,Sierre,Valais,19,NA,NA
SWI67,Viege,Visp,Valais,19,7.8852075,46.2944841
SWI68,Lausanne,Lausanne,Vaud,19,6.6335971,46.5199617
SWI69,NA,NA,Vaud,19,NA,NA
SWI70,NA,Zug,Zug,19,NA,NA
SWI71,Zug,Zug,Zug,19,8.513854,47.1745887
SWI72,Kappel am Albis,Affoltern,Zurich,19,8.5259411,47.2279625
SWI73,Stofel,Affoltern,Zurich,19,8.54885,47.4164
SWI74,NA,NA,Zurich,19,NA,NA
UK0,NA,Bedfordshire,England,20,NA,NA
UK1,NA,Berkshire,England,20,NA,NA
UK2,Newbury,Berkshire,England,20,-1.3231139,51.401409
UK3,Reading,Berkshire,England,20,-0.9781303,51.4542645
UK4,NA,Brighton and Hove,England,20,NA,NA
UK5,Bristol,Bristol,England,20,-2.58791,51.454513
UK6,NA,Bristol,England,20,NA,NA
UK7,NA,Buckinghamshire,England,20,NA,NA
UK8,Ely,Cambridgeshire,England,20,0.262363,52.399539
UK9,NA,Cambridgeshire,England,20,NA,NA
UK10,Nantwich,Cheshire,England,20,-2.524102,53.067185
UK11,Rowton,Cheshire,England,20,-2.831632,53.172388
UK12,Cornwall,Cornwall,England,20,-4.6524982,50.5036299
UK13,Launceston,Cornwall,England,20,-4.358558,50.640134
UK14,Lostwithiel,Cornwall,England,20,-4.6750679,50.406021
UK15,NA,Cornwall,England,20,NA,NA
UK16,Stratton,Cornwall,England,20,-4.514386,50.8306929
UK17,NA,Cumbria,England,20,NA,NA
UK18,Piercebridge,Darlington,England,20,-1.677401,54.53683
UK19,NA,Derby,England,20,NA,NA
UK20,Hilton,Derbyshire,England,20,-1.637,52.871
UK21,Landsdown Hill,Derbyshire,England,20,-1.2628913,52.902673
UK22,NA,Derbyshire,England,20,NA,NA
UK23,Exeter,Devon,England,20,-3.533899,50.718412
UK24,Great Torrington,Devon,England,20,-4.135998,50.9546459
UK25,NA,Devon,England,20,NA,NA
UK26,Sourton,Devon,England,20,-4.078756,50.691741
UK27,Lyme Regis,Dorset,England,20,-2.936639,50.725156
UK28,NA,Dorset,England,20,NA,NA
UK29,Durham,Durham,England,20,-1.584852,54.77525
UK30,NA,Durham,England,20,NA,NA
UK31,Cottingham,East Riding of Yorkshire,England,20,-0.413978,53.782081
UK32,NA,East Sussex,England,20,NA,NA
UK33,Colchester,Essex,England,20,0.891874,51.895927
UK34,NA,Essex,England,20,NA,NA
UK35,The Downs,Essex,England,20,0.4097467,51.899764
UK36,Gloucester,Gloucestershire,England,20,-2.238156,51.8642449
UK37,Highnam,Gloucestershire,England,20,-2.297121,51.876149
UK38,NA,Gloucestershire,England,20,NA,NA
UK39,Stow-on-the-Wold,Gloucestershire,England,20,-1.726444,51.931364
UK40,Tewkesbury,Gloucestershire,England,20,-2.15796,51.992265
UK41,Alton,Hampshire,England,20,-0.973177,51.150719
UK42,Basingstoke,Hampshire,England,20,-1.0923964,51.26654
UK43,Cheriton,Hampshire,England,20,-1.1708223,51.0539153
UK44,Winchester,Hampshire,England,20,-1.310142,51.059771
UK45,Hatfield,Hertfordshire,England,20,-0.22309,51.763366
UK46,Hertford,Hertfordshire,England,20,-0.081157,51.795756
UK47,NA,Hertfordshire,England,20,NA,NA
UK48,Brentford,Hounslow,England,20,-0.3101169,51.486073
UK49,Chiswick,Hounslow,England,20,-0.2671732,51.4876272
UK50,Canterbury,Kent,England,20,1.0789089,51.280233
UK51,Latham,Kent,England,20,0.290851,51.287227
UK52,Maidstone,Kent,England,20,0.522699,51.270363
UK53,NA,Kent,England,20,NA,NA
UK54,NA,Lancashire,England,20,NA,NA
UK55,Preston,Lancashire,England,20,-2.70309,53.763201
UK56,Leicester,Leicester,England,20,-1.1397592,52.6368778
UK57,NA,Leicester,England,20,NA,NA
UK58,Alford,Lincolnshire,England,20,0.183359,53.263271
UK59,Gainsborough,Lincolnshire,England,20,-0.774465,53.400575
UK60,Grantham,Lincolnshire,England,20,-0.643582,52.912524
UK61,NA,Lincolnshire,England,20,NA,NA
UK62,Winceby,Lincolnshire,England,20,-0.018447,53.195482
UK63,London,London,England,20,-0.1277583,51.5073509
UK64,NA,London,England,20,NA,NA
UK65,Southwark,London,England,20,-0.1277583,51.5073509
UK66,Bolton,Manchester,England,20,-2.4282192,53.5768647
UK67,Wigan,Manchester,England,20,-2.6325074,53.5450645
UK68,NA,NA,England,20,NA,NA
UK69,NA,Norfolk,England,20,NA,NA
UK70,Scarborough,North Yorkshire,England,20,-0.399752,54.283113
UK71,Selby,North Yorkshire,England,20,-1.067189,53.783524
UK72,Tadcaster,North Yorkshire,England,20,-1.260889,53.883551
UK73,Kislingbury,Northamptonshire,England,20,-0.97832,52.226684
UK74,NA,Northamptonshire,England,20,NA,NA
UK75,Naseby,Northamptonshire,England,20,-0.9885334,52.3954519
UK76,Wadenhoe,Northamptonshire,England,20,-0.514431,52.439983
UK77,NA,Northumberland,England,20,NA,NA
UK78,NA,Nottingham,England,20,NA,NA
UK79,Newark on Trent,Nottingham,England,20,-0.81,53.0765
UK80,Banbury,Oxfordshire,England,20,-1.339775,52.0629009
UK81,Chalgrove,Oxfordshire,England,20,-1.078599,51.666818
UK82,NA,Oxfordshire,England,20,NA,NA
UK83,NA,Richmond upon Thames,England,20,NA,NA
UK84,NA,Rutland,England,20,NA,NA
UK85,Hopton Heath,Shropshire,England,20,-2.910584,52.391041
UK86,NA,Shropshire,England,20,NA,NA
UK87,Bridgwater,Somerset,England,20,-3.003632,51.127889
UK88,Langport,Somerset,England,20,-2.828719,51.038134
UK89,NA,Somerset,England,20,NA,NA
UK90,Taunton,Somerset,England,20,-3.106849,51.015344
UK91,NA,Southampton,England,20,NA,NA
UK92,NA,Staffordshire,England,20,NA,NA
UK93,NA,Suffolk,England,20,NA,NA
UK94,Rushbrooke,Suffolk,England,20,0.769737,52.220011
UK95,NA,Tyne and Wear,England,20,NA,NA
UK96,Newburn,Tyne and Wear,England,20,-1.7425365,54.9842861
UK97,Edgehill,Warwickshire,England,20,-1.453197,52.113518
UK98,Long Marston,Warwickshire,England,20,-1.778136,52.134166
UK99,NA,Warwickshire,England,20,NA,NA
UK100,Coventry,West Midlands,England,20,-1.519693,52.406822
UK101,Arundel,West Sussex,England,20,-0.555119,50.855171
UK102,NA,West Sussex,England,20,NA,NA
UK103,Adwalton,West Yorkshire,England,20,-1.6545698,53.7513517
UK104,Leeds,West Yorkshire,England,20,-1.5490774,53.8007554
UK105,Wakefield,West Yorkshire,England,20,-1.505924,53.683298
UK106,Aldbourne,Wiltshire,England,20,-1.62053,51.479233
UK107,Devizes,Wiltshire,England,20,-1.994828,51.3489069
UK108,NA,Wiltshire,England,20,NA,NA
UK109,Rowde,Wiltshire,England,20,-2.034098,51.362539
UK110,NA,Worcestershire,England,20,NA,NA
UK111,Worcester,Worcestershire,England,20,-2.221575,52.193636
UK112,NA,York,England,20,NA,NA
UK113,York,York,England,20,-1.0872979,53.9599651
UK114,NA,Antrim,Northern Ireland,20,NA,NA
UK115,Aberdeen,Aberdeen,Scotland,20,-2.094278,57.149717
UK116,Banchory,Aberdeenshire,Scotland,20,-2.49096,57.053856
UK117,Fyvie,Aberdeenshire,Scotland,20,-2.3889999,57.429806
UK118,NA,Aberdeenshire,Scotland,20,NA,NA
UK119,Stonehaven,Aberdeenshire,Scotland,20,-2.209288,56.963661
UK120,Strathdon,Aberdeenshire,Scotland,20,-3.07456,57.199078
UK121,Turiff,Aberdeenshire,Scotland,20,-2.4623,57.538932
UK122,Angus,Angus,Scotland,20,-2.9206818,56.7969965
UK123,NA,Angus,Scotland,20,NA,NA
UK124,Inveraray,Argyll and Bute,Scotland,20,-5.0771018,56.2309517
UK125,NA,Argyll and Bute,Scotland,20,NA,NA
UK126,NA,Clackmannanshire,Scotland,20,NA,NA
UK127,Annan,Dumfries and Galloway,Scotland,20,-3.259773,54.990246
UK128,NA,Dumfries and Galloway,Scotland,20,NA,NA
UK129,Stranraer,Dumfries and Galloway,Scotland,20,-5.024055,54.903367
UK130,Dundee,Dundee,Scotland,20,-2.970721,56.462018
UK131,Mauchline,East Ayrshire,Scotland,20,-4.3777549,55.515888
UK132,Dunbar,East Lothian,Scotland,20,-2.516737,56.002087
UK133,Musselburgh,East Lothian,Scotland,20,-3.053918,55.941941
UK134,NA,East Lothian,Scotland,20,NA,NA
UK135,Edinburgh,Edinburgh,Scotland,20,-3.188267,55.953252
UK136,NA,Edinburgh,Scotland,20,NA,NA
UK137,Inverkeithing,Fife,Scotland,20,-3.398795,56.030043
UK138,NA,Fife,Scotland,20,NA,NA
UK139,Auldearn,Highland,Scotland,20,-3.801675,57.576161
UK140,Culrain,Highland,Scotland,20,-4.410573,57.918107
UK141,Invergarry,Highland,Scotland,20,-4.800261,57.070951
UK142,Inverlochy,Highland,Scotland,20,-5.094977,56.825724
UK143,Inverness,Highland,Scotland,20,-4.224721,57.477773
UK144,NA,Highland,Scotland,20,NA,NA
UK145,Dufftown,Moray,Scotland,20,-3.12838,57.443623
UK146,NA,Moray,Scotland,20,NA,NA
UK147,NA,NA,Scotland,20,NA,NA
UK148,Kilsyth,North Lanarkshire,Scotland,20,-4.056933,55.979788
UK149,NA,Orkney Islands,Scotland,20,NA,NA
UK150,Alyth,Perthshire and Kinross,Scotland,20,-3.226867,56.62578
UK151,Langside,Perthshire and Kinross,Scotland,20,-3.9542091,56.3016086
UK152,NA,Perthshire and Kinross,Scotland,20,NA,NA
UK153,Perth,Perthshire and Kinross,Scotland,20,-3.430838,56.394994
UK154,NA,Renfrewshire,Scotland,20,NA,NA
UK155,NA,Scottish Borders,Scotland,20,NA,NA
UK156,Selkirk,Scottish Borders,Scotland,20,-2.838524,55.550658
UK157,NA,Shetland Islands,Scotland,20,NA,NA
UK158,NA,South Ayrshire,Scotland,20,NA,NA
UK159,Hamilton,South Lanarkshire,Scotland,20,-4.053679,55.777633
UK160,NA,South Lanarkshire,Scotland,20,NA,NA
UK161,NA,Stirling,Scotland,20,NA,NA
UK162,Stirling,Stirling,Scotland,20,-3.9369029,56.1165227
UK163,NA,West Dunbartonshire,Scotland,20,NA,NA
UK164,NA,West Lothian,Scotland,20,NA,NA
UK165,Cardiff,Cardiff,Wales,20,-3.17909,51.481581
UK166,Laugharne,Carmarthenshire,Wales,20,-4.464252,51.769203
UK167,Canaston Bridge,Pembrokeshire,Wales,20,-4.8042999,51.801575
UK168,Pembroke,Pembrokeshire,Wales,20,-4.908637,51.674043
